WIP (name),Latest WIP view,Link to proofread cell with annotation,"State (0=Red, 1=Yellow, 2=Green, 3=Proofread)",Cell number,experimenter,date,exp_num,raw_id,field,region,nucleus ID pcg,nucleus loc pcg,cell ID pcg,ID warning/error,,New IDs (last update: 202503260847),roi_id,roi_n_pixels,roi_size_um2,super (baden),group (baden),cluster (baden),cell type,RGC or AC,EyeWire 1 type (for RGCs),most recent cell ID,field_ventral_dorsal_pos_um,field_temporal_nasal_pos_um,ventral_dorsal_pos_um,temporal_nasal_pos_um
,,,2,0,Franke,2018-10-11,2,1,GCL0,RR,720575940577751704,"32653.0,23923.0,553.0",720575940573597592,,"32653.0,23923.0,583.0",720575940562051654,1,18,38.8951,On Off,12,17,OODS,RGC,"37r,v,c",,-361.4,-841.8,-316.974,-880.755
,,,2,1,Franke,2018-10-11,2,1,GCL0,RR,720575940534317101,"33159.0,22959.0,606.0",720575940572538008,,"33159.0,22959.0,661.0",720575940559683612,2,32,69.1469,On Off,34,51,OODS - V - HB9,RGC,37d,,-361.4,-841.8,-317.209,-864.952
,,,2,2,Franke,2018-10-11,2,1,GCL0,RR,720575940554891618,"33787.0,21853.0,597.0",720575940551284060,,"33787.0,21853.0,677.0",720575940579479153,3,24,51.8602,dAC,42,70,SAC,AC,,,-361.4,-841.8,-316.994,-844.25
,,,0,3,Franke,2018-10-11,2,1,GCL0,RR,720575940554657378,"34131.0,21306.0,627.0",720575940577801624,,"34131.0,21306.0,657.0",720575940563206785,4,28,60.5036,dAC,41,64,A1,AC,,,-361.4,-841.8,-317.721,-834.083
,,https://spelunker.cave-explorer.org/#!middleauth+https://global.daf-apis.com/nglstate/api/v1/6585570827436032,3,4,Franke,2018-10-11,2,1,GCL0,RR,720575940571117757,"34753.0,20187.0,669.0",720575940556059228,,"34753.0,20187.0,684.0",720575940547755651,5,40,86.4336,dAC,28,38,ON delayed,RGC,73,,-361.4,-841.8,-317.117,-814.936
,,,2,5,Franke,2018-10-11,2,1,GCL0,RR,720575940562610790,"33757.0,22478.0,558.0",720575940556187228,,"33757.0,22478.0,608.0",720575940556187228,6,24,51.8602,Slow On,27,37,,RGC,2aw?,,-361.4,-841.8,-318.648,-853.437
,,,2,6,Franke,2018-10-11,2,1,GCL0,RR,720575940562643558,"34769.0,21233.0,628.0",720575940553874269,,"34769.0,21233.0,678.0",720575940553874269,7,38,82.112,On Off,14,20,OFF,RGC,2i or 1ni?,,-361.4,-841.8,-322.097,-825.901
,,,2,7,Franke,2018-10-11,2,1,GCL0,RR,720575940555227789,"35359.0,20040.0,704.0",720575940562140313,,"35359.0,20040.0,739.0",720575940562140313,8,27,58.3427,Fast On,16,22,ON DS sus?,RGC,"7iv,r,d",,-361.4,-841.8,-322.364,-804.724
,,,2,8,Franke,2018-10-11,",,,",1,GCL0,RR,720575940552583180,"35922.0,19429.0,736.0",720575940558841948,"Same cell, Ca field overlap! (01)","35922.0,19429.0,811.0",720575940558841948,9,21,45.3777,Fast On,18,27,ON tr. MeRF,RGC,6sw,,-361.4,-841.8,-323.671,-797.561
,,,2,9,Franke,2018-10-11,2,1,GCL0,RR,720575940562919113,"33441.0,23770.0,537.0",720575940579273368,Same cell? (01),"33441.0,23770.0,572.0",720575940550365861,10,50,108.042,Uncertain,33,50,,RGC,3o?,,-361.4,-841.8,-326.65,-872.199
,,,2,10,Franke,2018-10-11,2,1,GCL0,RR,720575940554018442,"34155.0,21713.0,539.0",720575940552133724,,"34155.0,21713.0,614.0",720575940573472304,11,9,19.4476,dAC,42,65,,AC,,,-361.4,-841.8,-322.364,-838.697
,,,2,11,Franke,2018-10-11,2,1,GCL0,RR,720575940562919113,"33441.0,23770.0,537.0",720575940579273368,Same cell? (01),"33352.0,23818.0,628.0",720575940550365861,12,38,82.112,Uncertain,33,50,,RGC,3i or 2i?,,-361.4,-841.8,-329.95,-863.579
,,,2,12,Franke,2018-10-11,2,1,GCL0,RR,720575940549337669,"33940.0,23022.0,562.0",720575940551349340,,"33940.0,23022.0,632.0",720575940555528514,13,21,45.3777,dAC,42,70,SAC,AC,,,-361.4,-841.8,-327.38,-856.78
,,,2,13,Franke,2018-10-11,2,1,GCL0,RR,720575940573137160,"34529.0,22225.0,556.0",720575940572507544,,"34529.0,22225.0,651.0",720575940560972505,14,34,73.4686,dAC,29,74,PixON,RGC,9n,,-361.4,-841.8,-327.85,-842.103
,,,0,14,Franke,2018-10-11,2,1,GCL0,RR,720575940574202309,"35300.0,20508.0,674.0",720575940567038269,,"35300.0,20508.0,699.0",720575940560972761,15,24,51.8602,On Off,14,20,OFF vOS (JamB),RGC,2aw,,-361.4,-841.8,-325.324,-813.38
,,https://spelunker.cave-explorer.org/#!middleauth+https://global.daf-apis.com/nglstate/api/v1/6056611194863616,3,15,Franke,2018-10-11,2,1,GCL0,RR,720575940563998594,"33229.0,24415.0,498.0",720575940573611416,,"33229.0,24415.0,503.0",720575940560450067,16,22,47.5385,Uncertain,30,41,A1,AC,,,-361.4,-841.8,-327.991,-880.888
,,,2,16,Franke,2018-10-11,2,1,GCL0,RR,720575940573136904,"34268.0,22688.0,508.0",720575940563822177,,"34268.0,22688.0,528.0",720575940563849127,17,19,41.056,Uncertain,33,50,OFF vOS (JamB),RGC,2aw,,-361.4,-841.8,-328.441,-850.001
,,https://spelunker.cave-explorer.org/#!middleauth+https://global.daf-apis.com/nglstate/api/v1/6022744572428288,3,17,Franke,2018-10-11,2,1,GCL0,RR,720575940562146387,"34793.0,21772.0,590.0",720575940556798557,,"34793.0,21772.0,660.0",720575940549093588,18,16,34.5735,dAC,38,60,WFAC,AC,,,-361.4,-841.8,-329.428,-832.153
,,,2,18,Franke,2018-10-11,2,1,GCL0,RR,720575940563004369,"35387.0,21656.0,612.0",720575940572503704,,"35387.0,21656.0,622.0",720575940569665033,19,72,155.581,dAC,44,72,ON OS,RGC,72?,,-361.4,-841.8,-335.553,-823.793
,,,2,19,Franke,2018-10-11,2,1,GCL0,RR,720575940538748672,"35439.0,20865.0,656.0",720575940562333849,,"35439.0,20865.0,716.0",720575940562333849,20,14,30.2518,dAC,35,54,Fmini ON,RGC,63,,-361.4,-841.8,-331.685,-815.025
,,,2,20,Franke,2018-10-11,2,1,GCL0,RR,720575940552618508,"36037.0,20199.0,754.0",720575940558828892,"Same cell, Ca field overlap! (02)","36214.0,20171.0,853.0",720575940575784878,21,29,62.6644,Off,9,13,OFF tr. MeRF?,RGC,4on?,,-361.4,-841.8,-332.862,-799.931
,,,2,21,Franke,2018-10-11,2,1,GCL0,RR,720575940579434707,"33645.0,24480.0,456.0",720575940572992408,,"33645.0,24480.0,491.0",720575940556981518,22,13,28.0909,dAC,46,68,SAC,AC,,,-361.4,-841.8,-335.506,-877.984
,,,2,22,Franke,2018-10-11,2,1,GCL0,RR,720575940562795366,"34910.0,23327.0,512.0",720575940559263836,,"34910.0,23327.0,517.0",720575940559263836,23,88,190.154,Off,5,12,OFF tr. alpha,RGC,4ow,,-361.4,-841.8,-340.804,-849.133
,,,2,23,Franke,2018-10-11,2,1,GCL0,RR,720575940562142291,"34980.0,22132.0,541.0",720575940562105497,,"34980.0,22132.0,591.0",720575940556981774,24,10,21.6084,dAC,46,75,SAC,AC,,,-361.4,-841.8,-334.94,-835.185
,,,2,24,Franke,2018-10-11,2,1,GCL0,RR,720575940573173949,"36215.0,20750.0,730.0",720575940557487965,,"36215.0,20750.0,770.0",720575940557487965,25,36,77.7903,Off,3,3,OFF tr. SmRF,RGC,4i?,,-361.4,-841.8,-339.432,-805.377
,,,2,25,Franke,2018-10-11,2,1,GCL0,RR,720575940579433683,"34120.0,24441.0,500.0",720575940553728349,,"34120.0,24441.0,565.0",720575940565136233,26,21,45.3777,On Off,10,14,HD1,RGC,5si,,-361.4,-841.8,-339.77,-870.99
Simone,,https://spelunker.cave-explorer.org/#!middleauth+https://global.daf-apis.com/nglstate/api/v1/5516093234872320,3,26,Franke,2018-10-11,2,1,GCL0,RR,720575940555129442,"34333.0,23947.0,562.0",720575940557540445,,"34333.0,23947.0,627.0",720575940559255173,27,17,36.7343,dAC,46,75,,AC,,,-361.4,-841.8,-338.918,-862.639
Simone,,https://spelunker.cave-explorer.org/#!middleauth+https://global.daf-apis.com/nglstate/api/v1/6401322317250560,2,27,Franke,2018-10-11,2,1,GCL0,RR,720575940556560257,"35613.0,22487.0,602.0",720575940557873245,,"35613.0,22487.0,632.0",720575940557873245,28,53,114.525,Uncertain,32,49,ON OS,RGC,"82n, 82wi, or 82wo",,-361.4,-841.8,-343.15,-834.727
,,,2,28,Franke,2018-10-11,2,1,GCL0,RR,720575940563514313,"36139.0,21242.0,684.0",720575940572458904,,"36139.0,21242.0,744.0",720575940563286071,29,34,73.4686,dAC,42,65,A1,AC,,,-361.4,-841.8,-342.506,-814.26
Jan (1day),https://spelunker.cave-explorer.org/#!middleauth+https://global.daf-apis.com/nglstate/api/v1/5947059917029376,,1,29,Franke,2018-10-11,2,1,GCL0,RR,720575940564724866,"34034.0,24921.0,451.0",720575940577072893,,"34034.0,24921.0,501.0",720575940552570381,30,25,54.021,dAC,42,69,A1,AC,,,-361.4,-841.8,-342.584,-879.196
,,,2,30,Franke,2018-10-11,2,1,GCL0,RR,720575940574221509,"36884.0,20356.0,722.0",720575940556297053,"Same cell, Ca field overlap! (03)","36884.0,20356.0,727.0",720575940566406645,31,18,38.8951,Slow On,23,33,PixON,RGC,9n,,-361.4,-841.8,-344.985,-797.864
,,,1,31,Franke,2018-10-11,2,1,GCL0,RR,720575940554290846,"34613.0,24287.0,477.0",720575940572997016,,"34475.0,24319.0,578.0",720575940569717313,32,25,54.021,dAC,34,52,On tr. SmRF,RGC,6sn,,-361.4,-841.8,-346.641,-865.672
Julia,,,1,32,Franke,2018-10-11,2,1,GCL0,RR,720575940579429741,"34560.0,24856.0,448.0",720575940573000344,,"34560.0,24856.0,503.0",720575940554733506,33,17,36.7343,dAC,42,68,,AC,,,-361.4,-841.8,-349.208,-873.967
,,,2,33,Franke,2018-10-11,2,1,GCL0,RR,720575940556338354,"35152.0,24120.0,485.0",720575940551241564,,"35152.0,24120.0,570.0",720575940559231877,34,15,32.4126,On Off,14,20,OFF sus EW1no,RGC,1no,,-361.4,-841.8,-350.522,-859.146
,,,2,34,Franke,2018-10-11,2,1,GCL0,RR,720575940573177797,"36613.0,22004.0,649.0",720575940577583613,,"36613.0,22004.0,674.0",720575940554271002,35,66,142.616,dAC,42,38,ON DS sus,RGC,"7iv,r,d",,-361.4,-841.8,-353.026,-817.902
,,,2,35,Franke,2018-10-11,2,1,GCL0,RR,720575940572981949,"36724.0,21270.0,668.0",720575940572875928,,"36724.0,21270.0,743.0",720575940558909329,36,27,58.3427,dAC,42,69,SAC,AC,,,-361.4,-841.8,-349.749,-806.085
,,https://spelunker.cave-explorer.org/#!middleauth+https://global.daf-apis.com/nglstate/api/v1/6046318037303296,3,36,Franke,2018-10-11,2,1,GCL0,RR,720575940564979397,"35347.0,23858.0,550.0",720575940577285272,,"35347.0,23858.0,625.0",720575940567255281,37,17,36.7343,dAC,42,67,WFAC,AC,,,-361.4,-841.8,-351.283,-853.128
,,,2,37,Franke,2018-10-11,2,1,GCL0,RR,720575940563789513,"35782.0,23083.0,585.0",720575940553771357,,"35782.0,23083.0,600.0",720575940582703739,38,44,95.077,On Off,33,50,5to,RGC,5to,,-361.4,-841.8,-353.014,-838.192
,,,2,38,Franke,2018-10-11,2,1,GCL0,RR,720575940555393530,"37333.0,20997.0,702.0",720575940553930589,"Same cell, Ca field overlap! (04)","37333.0,20997.0,752.0",720575940569666057,39,36,77.7903,On Off,34,51,OODS,RGC,"37r,v,c",,-361.4,-841.8,-355.969,-799.456
,,,2,39,Franke,2018-10-11,2,1,GCL0,RR,720575940570684617,"34836.0,25248.0,379.0",720575940573622424,,"34836.0,25248.0,404.0",720575940563208321,40,24,51.8602,dAC,42,65,ON alpha,RGC,8w,,-361.4,-841.8,-355.949,-876.099
,,,2,40,Franke,2018-10-11,2,1,GCL0,RR,720575940564584600,"35126.0,24772.0,470.0",720575940562360985,,"35126.0,24772.0,480.0",720575940573188543,41,54,116.685,On Off,1,1,,RGC,2i or 2o,,-361.4,-841.8,-358.787,-865.946
,,,2,41,Franke,2018-10-11,2,1,GCL0,RR,720575940564970437,"35762.0,23764.0,568.0",720575940553000540,,"35811.0,23716.0,641.0",720575940550090791,42,25,54.021,dAC,42,66,SAC,AC,,,-361.4,-841.8,-356.872,-847.268
,,,2,42,Franke,2018-10-11,2,1,GCL0,RR,720575940545435331,"37175.0,21691.0,695.0",720575940566981685,,"37175.0,21691.0,745.0",720575940574946900,43,28,60.5036,Uncertain,30,41,UHD,RGC,5ti,,-361.4,-841.8,-360.245,-807.518
,,,2,43,Franke,2018-10-11,2,1,GCL0,RR,720575940570685897,"34833.0,25769.0,365.0",720575940557361500,,"34833.0,25769.0,375.0",720575940565001967,44,17,36.7343,dAC,11,71,ON OS,RGC,"82n, 82wi, or 82wo",,-361.4,-841.8,-360.708,-881.49
,,,2,44,Franke,2018-10-11,2,1,GCL0,RR,720575940579446227,"35827.0,24494.0,527.0",720575940577796248,,"35827.0,24494.0,572.0",720575940579478641,45,31,66.9861,dAC,25,35,nNOS-2 AC,AC,,,-361.4,-841.8,-361.495,-856.168
,,,2,45,Franke,2018-10-11,2,1,GCL0,RR,720575940571412669,"36710.0,23076.0,583.0",720575940572572568,,"36710.0,23076.0,593.0",720575940572572568,46,25,54.021,On Off,43,71,HD2,RGC,5so,,-361.4,-841.8,-361.282,-830.687
,,,2,46,Franke,2018-10-11,2,1,GCL0,RR,720575940553108090,"37002.0,22765.0,603.0",720575940577651965,,"37002.0,22765.0,643.0",720575940570193375,47,54,116.685,dAC,40,62,ON OS,RGC,"82n, 82wi, or 82wo",,-361.4,-841.8,-364.912,-821.166
,,,2,47,Franke,2018-10-11,2,1,GCL0,RR,720575940548138586,"35393.0,25756.0,442.0",720575940562439321,,"35393.0,25756.0,477.0",720575940562762959,48,48,103.72,Uncertain,30,41,UHD,RGC,5ti,,-361.4,-841.8,-367.402,-874.17
,,,2,48,Franke,2018-10-11,2,1,GCL0,RR,720575940557301283,"36425.0,23638.0,523.0",720575940559941089,,"36425.0,23638.0,558.0",720575940570532651,49,22,47.5385,On Off,14,20,,RGC,25,,-361.4,-841.8,-363.538,-840.063
,,,2,49,Franke,2018-10-11,2,1,GCL0,RR,720575940545403331,"37843.0,21275.0,687.0",720575940578896237,"Same cell, Ca field overlap! (05)","37843.0,21275.0,747.0",720575940570533675,50,16,34.5735,Uncertain,31,45,Fmini OFF,RGC,2an,,-361.4,-841.8,-364.983,-798.16
,,,2,50,Franke,2018-10-11,2,1,GCL0,RR,720575940564590232,"36276.0,24360.0,508.0",720575940578814616,,"36276.0,24360.0,573.0",720575940555686010,51,26,56.1819,On Off,11,16,"UHD, I think",RGC,5ti,,-361.4,-841.8,-367.11,-849.489
,,,2,51,Franke,2018-10-11,2,1,GCL0,RR,720575940571413949,"36829.0,23632.0,575.0",720575940573577880,,"36829.0,23632.0,645.0",720575940579883701,52,22,47.5385,On Off,13,19,"dAC, separate axons and dendrites (SAD)",AC,,,-361.4,-841.8,-369.485,-834.851
,,,2,52,Franke,2018-10-11,2,1,GCL0,RR,720575940560768001,"37507.0,22052.0,655.0",720575940557582173,,"37507.0,22052.0,690.0",720575940564362484,53,36,77.7903,On Off,27,37,M6-ish,RGC,"915, 85",,-361.4,-841.8,-369.526,-807.541
,,,2,53,Franke,2018-10-11,2,1,GCL0,RR,720575940571151305,"35736.0,26304.0,463.0",720575940548174173,,"35787.0,26389.0,521.0",720575940564815012,54,23,49.6993,dAC,42,66,SAC,AC,,,-361.4,-841.8,-372.968,-880.659
,,,2,54,Franke,2018-10-11,2,1,GCL0,RR,720575940563726978,"36261.0,24878.0,470.0",720575940549790557,,"36261.0,24878.0,475.0",720575940549790557,55,18,38.8951,On Off,14,20,,RGC,2i?,,-361.4,-841.8,-371.69,-856.663
,,,0,55,Franke,2018-10-11,2,1,GCL0,RR,720575940563096545,"36747.0,24328.0,534.0",720575940552991836,,"36747.0,24328.0,584.0",720575940557068642,56,39,84.2728,dAC,37,57,,RGC,,,-361.4,-841.8,-373.424,-842.667
,,,2,56,Franke,2018-10-11,2,1,GCL0,RR,720575940557915777,"37717.0,22693.0,606.0",720575940559269212,,"37717.0,22693.0,661.0",720575940559685404,57,22,47.5385,Fast On,17,23,Fmini ON,RGC,63,,-361.4,-841.8,-374.029,-815.541
,,,2,57,Franke,2018-10-11,2,1,GCL0,RR,720575940548246106,"36268.0,25665.0,459.0",720575940557568093,,"36268.0,25665.0,549.0",720575940570055733,58,24,51.8602,dAC,42,69,SAC,AC,,,-361.4,-841.8,-374.936,-864.768
,,,2,58,Franke,2018-10-11,2,1,GCL0,RR,720575940546527830,"37479.0,23564.0,527.0",720575940572874904,,"37479.0,23564.0,532.0",720575940560975321,59,44,95.077,Fast On,17,25,,RGC,2i or 2o?,,-361.4,-841.8,-377.57,-827.835
,,,1,59,Franke,2018-10-11,2,1,GCL0,RR,720575940555957662,"38359.0,22221.0,670.0",720575940578607981,,"38274.0,22101.0,745.0",720575940575786158,60,20,43.2168,On Off,33,50,,RGC,25?,,-361.4,-841.8,-377.57,-801.376
,,,2,60,Franke,2018-10-11,2,1,GCL0,RR,720575940571290512,"36641.0,25504.0,487.0",720575940575457881,,"36641.0,25504.0,522.0",720575940569667081,61,34,73.4686,Uncertain,33,50,OFF vOS (JAMB),RGC,2aw,,-361.4,-841.8,-380.639,-858.186
,,,2,61,Franke,2018-10-11,2,1,GCL0,RR,720575940571290000,"36912.0,24891.0,527.0",720575940556369757,,"36912.0,24891.0,572.0",720575940550397353,62,24,51.8602,dAC,42,67,,AC,,,-361.4,-841.8,-379.285,-848.537
,,,1,62,Franke,2018-10-11,2,1,GCL0,RR,720575940555967902,"38245.0,22679.0,637.0",720575940558800732,,"38245.0,22679.0,727.0",720575940577341641,63,22,47.5385,dAC,42,70,SAC,AC,,,-361.4,-841.8,-379.975,-809.661
,,https://spelunker.cave-explorer.org/#!middleauth+https://global.daf-apis.com/nglstate/api/v1/4903310252310528,3,63,Franke,2018-10-11,2,1,GCL0,RR,720575940571213200,"36649.0,26065.0,464.0",720575940559135068,,"36649.0,26065.0,484.0",720575940559135068,64,18,38.8951,On Off,11,16,dAC SAD,AC,,,-361.4,-841.8,-383.45,-866.055
,,,2,64,Franke,2018-10-11,2,1,GCL0,RR,720575940561723730,"38075.0,23249.0,591.0",720575940552472924,,"38075.0,23249.0,596.0",720575940573474096,65,30,64.8252,On Off,14,20,,RGC,2o?,,-361.4,-841.8,-383.842,-817.349
,,,1,65,Franke,2018-10-11,2,1,GCL0,RR,720575940558155214,"37754.0,24223.0,532.0",720575940557543005,,"37711.0,24129.0,603.0",720575940579481201,66,28,60.5036,dAC,42,66,SAC,AC,,,-361.4,-841.8,-385.34,-834.555
,,,2,66,Franke,2018-10-11,2,1,GCL0,RR,720575940545313494,"36364.0,27113.0,407.0",720575940550934621,,"36364.0,27113.0,422.0",720575940552090129,67,29,62.6644,Uncertain,32,47,OFF vOS (JAMB),RGC,2aw,,-361.4,-841.8,-387.505,-879.867
,,,2,67,Franke,2018-10-11,2,1,GCL0,RR,720575940545971139,"38079.0,23906.0,582.0",720575940553000796,,"38079.0,23906.0,607.0",720575940576340501,68,28,60.5036,dAC,40,62,,AC,,,-361.4,-841.8,-387.807,-824.895
,,,2,68,Franke,2018-10-11,2,1,GCL0,RR,720575940555522718,"38652.0,22641.0,651.0",720575940566667581,,"38608.0,22831.0,734.0",720575940545090389,69,22,47.5385,dAC,42,70,SAC,AC,,,-361.4,-841.8,-386.256,-802.244
,,,2,69,Franke,2018-10-11,2,1,GCL0,RR,720575940557843212,"36994.0,26460.0,443.0",720575940551176028,,"36994.0,26460.0,508.0",720575940548004742,70,32,69.1469,Uncertain,30,41,Fmini ON,RGC,63,,-361.4,-841.8,-390.34,-868.949
,,,2,70,Franke,2018-10-11,2,1,GCL0,RR,720575940557717614,"37756.0,25423.0,481.0",720575940553759325,,"37756.0,25423.0,551.0",720575940567937786,71,125,270.105,Slow On,24,34,ON alpha,RGC,8w,,-361.4,-841.8,-392.54,-846.01
,,https://spelunker.cave-explorer.org/#!middleauth+https://global.daf-apis.com/nglstate/api/v1/6218081748647936,3,71,Franke,2018-10-11,2,1,GCL0,RR,720575940551861895,"38751.0,23195.0,636.0",720575940549795933,,"38751.0,23195.0,671.0",720575940572751392,72,30,64.8252,Off,32,49,ON OS,RGC,72?,,-361.4,-841.8,-390.996,-808.97
,,,2,72,Franke,2018-10-11,2,1,GCL0,RR,720575940557909102,"37454.0,26215.0,476.0",720575940562119321,,"37454.0,26215.0,496.0",720575940569023851,73,27,58.3427,dAC,40,65,A1,AC,,,-361.4,-841.8,-395.427,-860.91
,https://spelunker.cave-explorer.org/#!middleauth+https://global.daf-apis.com/nglstate/api/v1/5238004118454272,,1,73,Franke,2018-10-11,2,1,GCL0,RR,720575940554724245,"38615.0,23638.0,592.0",720575940557103964,,"38615.0,23638.0,677.0",720575940557103964,74,10,21.6084,dAC,42,65,dAC SAD,AC,,,-361.4,-841.8,-392.564,-816.81
,,,2,74,Franke,2018-10-11,2,1,GCL0,RR,720575940552362011,"39334.0,22692.0,669.0",720575940559587903,,"39137.0,22690.0,736.0",720575940559587903,75,15,32.4126,Fast On,18,26,ON tr. SmRF,RGC,6sn,,-361.4,-841.8,-393.152,-798.779
,,,2,75,Franke,2018-10-11,2,1,GCL0,RR,720575940579520723,"38328.0,24432.0,547.0",720575940577258904,,"38328.0,24432.0,612.0",720575940579735641,76,22,47.5385,dAC,38,60,WF mid-IPL ,AC,,,-361.4,-841.8,-394.475,-829.639
,,,2,76,Franke,2018-10-11,2,1,GCL0,RR,720575940571195280,"36956.0,27719.0,377.0",720575940566893365,,"36956.0,27719.0,447.0",720575940569667593,77,23,49.6993,On Off,11,16,OFF 1ni or 1no?,RGC,"2o, 2i, or 2aw (symmetric)",,-361.4,-841.8,-397.766,-880.978
,,,2,77,Franke,2018-10-11,2,1,GCL0,RR,720575940546820962,"37263.0,27145.0,397.0",720575940551208540,,"37263.0,27145.0,417.0",720575940551208540,78,36,77.7903,Slow On,28,38,ON delayed,RGC,73,,-361.4,-841.8,-400.069,-872.955
,,,2,78,Franke,2018-10-11,2,1,GCL0,RR,720575940552417307,"38727.0,24132.0,572.0",720575940556869468,,"38727.0,24132.0,632.0",720575940563271661,79,17,36.7343,dAC,42,65,WFAC,AC,,,-361.4,-841.8,-397.631,-821.826
,,,2,79,Franke,2018-10-11,2,1,GCL0,RR,720575940551864711,"39024.0,23829.0,635.0",720575940558691125,,"39024.0,23829.0,670.0",720575940547756163,80,25,54.021,dAC,34,52,Fmini ON,RGC,63,,-361.4,-841.8,-399.149,-813.694
,,,2,80,Franke,2018-10-11,2,1,GCL0,RR,720575940552698858,"39655.0,23462.0,758.0",720575940578278808,"There might be a second cell (old: 77479079850848368, new: 720575940552698858), but unlikely","39655.0,23462.0,808.0",720575940555347098,81,51,110.203,dAC,32,52,OFF vOS (JAMB),RGC,2aw,,-361.4,-841.8,-402.271,-800.871
,https://spelunker.cave-explorer.org/#!middleauth+https://global.daf-apis.com/nglstate/api/v1/5891342732361728,,2,81,Franke,2018-10-11,2,1,GCL0,RR,720575940568129302,"37959.0,26135.0,491.0",720575940558188381,,"37959.0,26135.0,511.0",720575940558188381,82,26,56.1819,dAC,42,65,WFAC,AC,,,-361.4,-841.8,-402.559,-854.295
,,,2,82,Franke,2018-10-11,2,1,GCL0,RR,720575940553551833,"37808.0,26812.0,443.0",720575940572478104,,"37808.0,26812.0,503.0",720575940572478104,83,21,45.3777,dAC,42,69,SAC,AC,,,-361.4,-841.8,-404.239,-863.85
,,,1,83,Franke,2018-10-11,2,1,GCL0,RR,720575940568025878,"38572.0,25520.0,498.0",720575940556754524,,"38572.0,25520.0,583.0",720575940556754524,84,18,38.8951,dAC,46,75,SAC,AC,,,-361.4,-841.8,-404.029,-839.35
,,,1,84,Franke,2018-10-11,2,1,GCL0,RR,720575940545537608,"38777.0,24908.0,566.0",720575940563742817,,"38777.0,24908.0,656.0",720575940563742817,85,27,58.3427,Off,14,20,,RGC,2i?,,-361.4,-841.8,-404.193,-830.421
,,,1,85,Franke,2018-10-11,2,1,GCL0,RR,720575940581392083,"39128.0,24436.0,592.0",720575940562746593,,"39128.0,24436.0,677.0",720575940562746593,86,16,34.5735,dAC,42,66,SAC,AC,,,-361.4,-841.8,-405.04,-821.496
Greg,https://spelunker.cave-explorer.org/#!middleauth+https://global.daf-apis.com/nglstate/api/v1/4655351321329664,,2,86,Franke,2018-10-11,2,1,GCL0,RR,720575940555301525,"39546.0,23968.0,581.0",720575940559634805,,"39546.0,23968.0,681.0",720575940559634805,87,12,25.9301,Fast On,17,23,,RGC,25?,,-361.4,-841.8,-405.132,-809.338
,,,2,87,Franke,2018-10-11,2,1,GCL0,RR,720575940549780957,"38471.0,26192.0,487.0",720575940576567350,,"38471.0,26192.0,557.0",720575940567500429,88,11,23.7693,dAC,36,55,UHD,RGC,5ti,,-361.4,-841.8,-406.168,-846.745
,,https://spelunker.cave-explorer.org/#!middleauth+https://global.daf-apis.com/nglstate/api/v1/6443347884376064,3,88,Franke,2018-10-11,2,1,GCL1,RR,720575940567017021,"33871.0,16222.0,920.0",720575940563188121,,"33871.0,16222.0,930.0",720575940556023602,1,32,69.1469,dAC,43,71,A17,AC,,,-317.2,-761.4,-274.249,-778.718
,,,2,89,Franke,2018-10-11,2,1,GCL1,RR,720575940553185617,"33905.0,15777.0,948.0",720575940576294296,,"33905.0,15777.0,988.0",720575940557047256,2,14,30.2518,dAC,30,41,,AC,,,-317.2,-761.4,-271.526,-771.165
,,,2,90,Franke,2018-10-11,2,1,GCL1,RR,720575940569147501,"34436.0,15484.0,1005.0",720575940552800349,,"34436.0,15484.0,1050.0",720575940552800349,3,68,146.937,On Off,13,19,OODS,RGC,"37r,v,c",,-317.2,-761.4,-277.532,-761.292
,,,2,91,Franke,2018-10-11,2,1,GCL1,RR,720575940571139451,"34596.0,14944.0,1030.0",720575940548479581,,"34596.0,14944.0,1075.0",720575940553486217,4,32,69.1469,dAC,38,33,PixON,RGC,9n,,-317.2,-761.4,-273.468,-752.029
,,,0,92,Franke,2018-10-11,2,1,GCL1,RR,720575940570620539,"35123.0,14186.0,1087.0",720575940572873585,,"35123.0,14186.0,1107.0",720575940572873585,5,35,75.6294,Fast On,17,20,,RGC,,,-317.2,-761.4,-273.731,-739.308
,,,2,93,Franke,2018-10-11,2,1,GCL1,RR,720575940558911421,"33254.0,17467.0,935.0",720575940563292313,,"33254.0,17467.0,985.0",720575940563292313,6,37,79.9511,Off,43,71,Fmini ON,RGC,63,,-317.2,-761.4,-275.961,-797.315
,,,2,94,Franke,2018-10-11,2,1,GCL1,RR,720575940558936765,"33717.0,17146.0,909.0",720575940576743990,,"33717.0,17146.0,959.0",720575940576743990,7,30,64.8252,dAC,30,41,Fmini OFF,RGC,2an,,-317.2,-761.4,-277.216,-788.448
,,,0,95,Franke,2018-10-11,2,1,GCL1,RR,720575940568788589,"35357.0,15064.0,1044.0",720575940577836184,,"35357.0,15064.0,1094.0",720575940559692936,8,29,62.6644,On Off,33,50,EW type 25,RGC,25,,-317.2,-761.4,-282.782,-749.539
,,,1,96,Franke,2018-10-11,2,1,GCL1,RR,720575940562520657,"35634.0,14614.0,1050.0",720575940549924957,,"35634.0,14614.0,1100.0",720575940576336314,9,30,64.8252,Uncertain,31,45,dAC SAD,AC,,,-317.2,-761.4,-283.243,-741.016
,,,2,97,Franke,2018-10-11,2,1,GCL1,RR,720575940555439536,"34261.0,17180.0,940.0",720575940556800348,,"34261.0,17180.0,990.0",720575940555530306,10,29,62.6644,dAC,46,75,SAC,AC,,,-317.2,-761.4,-283.999,-783.653
,,https://spelunker.cave-explorer.org/#!middleauth+https://global.daf-apis.com/nglstate/api/v1/6237734311034880,3,98,Franke,2018-10-11,2,1,GCL1,RR,720575940569162349,"35820.0,14232.0,1079.0",720575940562082969,,"35820.0,14232.0,1139.0",720575940554734530,11,14,30.2518,dAC,42,70,,AC,,,-317.2,-761.4,-283.6,-733.575
,,,0,99,Franke,2018-10-11,2,1,GCL1,RR,720575940562664785,"36472.0,13688.0,1103.0",720575940549540189,,"36472.0,13688.0,1168.0",720575940549540189,12,31,66.9861,dAC,41,64,A1,AC,,,-317.2,-761.4,-288.132,-720.335
,,,2,100,Franke,2018-10-11,2,1,GCL1,RR,720575940558168373,"34802.0,16613.0,933.0",720575940575817624,,"34802.0,16613.0,993.0",720575940561751884,13,36,77.7903,Off,4,5,ON OS,RGC,"82n, 82wi, or 82wo",,-317.2,-761.4,-286.943,-772.016
,,,0,101,Franke,2018-10-11,2,1,GCL1,RR,720575940573823097,"36210.0,13846.0,971.0",720575940548229981,,"36210.0,13846.0,1026.0",720575940557069666,14,15,32.4126,On Off,12,17,,RGC,,,-317.2,-761.4,-285.448,-727.003
,,,2,102,Franke,2018-10-11,2,1,GCL1,RR,720575940555457712,"33904.0,17989.0,865.0",720575940572600728,,"33904.0,17989.0,910.0",720575940563211137,15,26,56.1819,dAC,43,71,UHD,RGC,5ti,,-317.2,-761.4,-286.387,-798.263
,,,2,103,Franke,2018-10-11,2,1,GCL1,RR,720575940558213685,"35107.0,16200.0,987.0",720575940558215261,,"35107.0,16200.0,1072.0",720575940536675507,16,24,51.8602,dAC,35,54,WFAC,AC,,,-317.2,-761.4,-289.577,-764.156
,,https://spelunker.cave-explorer.org/#!middleauth+https://global.daf-apis.com/nglstate/api/v1/6500894691557376,3,104,Franke,2018-10-11,2,1,GCL1,RR,720575940539933604,"34348.0,17772.0,884.0",720575940559132764,,"34348.0,17772.0,899.0",720575940559132764,17,33,71.3078,dAC,42,65,WFAC spiny,AC,,,-317.2,-761.4,-290.384,-789.82
,,,1,105,Franke,2018-10-11,2,1,GCL1,RR,720575940560843603,"34822.0,17179.0,882.0",720575940555305052,,"34822.0,17179.0,917.0",720575940555305052,18,15,32.4126,dAC,42,69,,AC,,,-317.2,-761.4,-292.7,-778.648
,,,0,106,Franke,2018-10-11,2,1,GCL1,RR,720575940573585529,"35530.0,16006.0,960.0",720575940558254173,,"35572.0,16002.0,1025.0",720575940572470077,19,18,38.8951,On Off,11,16,,RGC,,,-317.2,-761.4,-292.374,-757.317
,,,1,107,Franke,2018-10-11,2,1,GCL1,RR,720575940570979195,"35862.0,15248.0,990.0",720575940577751549,,"35862.0,15248.0,1105.0",720575940577751549,20,19,41.056,dAC,46,75,SAC,AC,,,-317.2,-761.4,-291.978,-746.236
,,,2,108,Franke,2018-10-11,2,1,GCL1,RR,720575940562660177,"36503.0,14881.0,920.0",720575940551254620,,"36503.0,14881.0,940.0",720575940554576870,21,69,149.098,dAC,38,60,ON alpha,RGC,8w,,-317.2,-761.4,-294.085,-735.047
,,https://spelunker.cave-explorer.org/#!middleauth+https://global.daf-apis.com/nglstate/api/v1/5680091326578688,3,109,Franke,2018-10-11,2,1,GCL1,RR,720575940561222246,"34312.0,18423.0,848.0",720575940551102301,,"34235.0,18428.0,930.0",720575940551102301,22,16,34.5735,dAC,41,64,WFAC,AC,,,-317.2,-761.4,-295.15,-799.068
,,,0,110,Franke,2018-10-11,2,1,GCL1,RR,720575940542772288,"37099.0,13789.0,1115.0",720575940561803394,,"37099.0,13789.0,1215.0",720575940536675763,23,12,25.9301,On Off,14,45,,RGC,,,-317.2,-761.4,-295.885,-716.811
,https://spelunker.cave-explorer.org/#!middleauth+https://global.daf-apis.com/nglstate/api/v1/6656012133072896,,1,111,Franke,2018-10-11,2,1,GCL1,RR,720575940573582457,"35941.0,15857.0,982.0",720575940556257117,,"35941.0,15857.0,1022.0",720575940556257117,24,26,56.1819,dAC,41,69,WFAC,AC,,,-317.2,-761.4,-297.694,-752.354
Greg,https://spelunker.cave-explorer.org/#!middleauth+https://global.daf-apis.com/nglstate/api/v1/5401493709520896,,2,112,Franke,2018-10-11,2,1,GCL1,RR,720575940543485509,"35127.0,16982.0,769.0",720575940550175837,,"35127.0,16982.0,829.0",720575940550175837,25,17,36.7343,Off,43,71,OFF tr. SmRF,RGC,4i,,-317.2,-761.4,-297.053,-772.036
Greg,https://spelunker.cave-explorer.org/#!middleauth+https://global.daf-apis.com/nglstate/api/v1/6439447718526976,,2,113,Franke,2018-10-11,2,1,GCL1,RR,720575940559857389,"37002.0,14487.0,1034.0",720575940553988701,,"37002.0,14487.0,1134.0",720575940555688058,26,22,47.5385,Fast On,17,21,On tr. SmRF,RGC,6sn,,-317.2,-761.4,-298.625,-724.851
,,,2,114,Franke,2018-10-11,2,1,GCL1,RR,720575940573659400,"33861.0,18451.0,823.0",720575940553687901,,"33861.0,18451.0,923.0",720575940559084387,27,34,73.4686,Uncertain,32,49,HD2,RGC,5so,,-317.2,-761.4,-300.944,-793.61
,,,1,115,Franke,2018-10-11,2,1,GCL1,RR,720575940540557130,"35034.0,17712.0,785.0",720575940576301464,,"35034.0,17712.0,880.0",720575940570492705,28,15,32.4126,Uncertain,31,45,,AC,,,-317.2,-761.4,-299.07,-784.234
,,,2,116,Franke,2018-10-11,2,1,GCL1,RR,720575940560615961,"35354.0,17492.0,793.0",720575940559256156,,"35354.0,17492.0,803.0",720575940559256156,29,24,51.8602,On Off,14,20,ON DS sus,RGC,"7iv,r,d",,-317.2,-761.4,-302.194,-776.835
,,,2,117,Franke,2018-10-11,2,1,GCL1,RR,720575940561053779,"35782.0,16760.0,951.0",720575940549996893,,"35782.0,16760.0,1016.0",720575940578274762,30,30,64.8252,dAC,37,62,WFAC,AC,,,-317.2,-761.4,-301.52,-763.85
,,,2,118,Franke,2018-10-11,2,1,GCL1,RR,720575940569375869,"36498.0,15710.0,903.0",720575940572704152,,"36498.0,15710.0,928.0",720575940572704152,31,31,66.9861,Uncertain,32,49,OFF tr. MeRF,RGC,4ow?,,-317.2,-761.4,-303.354,-744.566
,,,1,119,Franke,2018-10-11,2,1,GCL1,RR,720575940549199434,"37362.0,14395.0,1104.0",720575940570550169,,"37362.0,14395.0,1124.0",720575940570550169,32,26,56.1819,Fast On,35,54,,RGC,,,-317.2,-761.4,-303.97,-719.562
,,,2,120,Franke,2018-10-11,2,1,GCL1,RR,720575940560403181,"36954.0,15352.0,1027.0",720575940572677528,,"36954.0,15352.0,1087.0",720575940572677528,33,62,133.972,On Off,14,20,HD1?,RGC,5si?,,-317.2,-761.4,-307.052,-733.138
,,,0,121,Franke,2018-10-11,2,1,GCL1,RR,720575940561995110,"35274.0,18413.0,804.0",720575940577784728,,"35274.0,18413.0,809.0",720575940577784728,34,28,60.5036,dAC,42,67,,RGC,,,-317.2,-761.4,-307.593,-788.49
,,https://spelunker.cave-explorer.org/#!middleauth+https://global.daf-apis.com/nglstate/api/v1/4720941176193024,3,122,Franke,2018-10-11,2,1,GCL1,RR,720575940576220214,"36323.0,16443.0,952.0",720575940558625333,,"36323.0,16443.0,1012.0",720575940558625333,35,28,60.5036,dAC,10,14,HD1?,RGC,5si?,,-317.2,-761.4,-306.595,-755.1
,,,0,123,Franke,2018-10-11,2,1,GCL1,RR,720575940560715545,"35763.0,18077.0,786.0",720575940567425333,,"35763.0,18077.0,836.0",720575940567938810,36,43,92.9162,Uncertain,32,49,,RGC,,,-317.2,-761.4,-312.995,-780.236
,,,2,124,Franke,2018-10-11,2,1,GCL1,RR,720575940555082820,"36241.0,17698.0,828.0",720575940576560438,,"36241.0,17698.0,883.0",720575940576560438,37,42,90.7553,On Off,12,17,OODS Hb9,RGC,37d,,-317.2,-761.4,-313.49,-770.85
,,,0,125,Franke,2018-10-11,2,1,GCL1,RR,720575940541102785,"36261.0,17008.0,882.0",720575940571143537,,"36261.0,17008.0,972.0",720575940571143537,38,12,25.9301,dAC,2,2,Fmini OFF,RGC,2an,,-317.2,-761.4,-310.83,-763.482
,,,2,126,Franke,2018-10-11,2,1,GCL1,RR,720575940561556285,"36901.0,16226.0,1001.0",720575940551302748,,"36901.0,16226.0,1051.0",720575940550093095,39,28,60.5036,On Off,14,20,UHD,RGC,5ti,,-317.2,-761.4,-312.213,-746.438
,,,1,127,Franke,2018-10-11,2,1,GCL1,RR,720575940537107413,"35260.0,19062.0,821.0",720575940577582589,,"35260.0,19062.0,881.0",720575940577582589,40,21,45.3777,dAC,46,75,SAC,AC,,,-317.2,-761.4,-312.79,-795.209
,,,0,128,Franke,2018-10-11,2,1,GCL1,RR,720575940559606591,"37628.0,16160.0,1018.0",720575940577098550,,"37628.0,16160.0,1023.0",720575940577098550,41,26,56.1819,On Off,11,16,,RGC,,,-317.2,-761.4,-317.935,-738.615
,,,0,129,Franke,2018-10-11,2,1,GCL1,RR,720575940572009658,"38096.0,15181.0,1016.0",720575940577854717,,"38096.0,15181.0,1036.0",720575940577854717,42,48,103.72,Uncertain,32,48,,RGC,,,-317.2,-761.4,-318.364,-720.7
,,,0,130,Franke,2018-10-11,2,1,GCL1,RR,720575940554151290,"36880.0,17227.0,988.0",720575940562128025,,"36880.0,17227.0,1028.0",720575940562128025,43,46,99.3987,dAC,43,71,,RGC,,,-317.2,-761.4,-318.223,-758.172
,,,0,131,Franke,2018-10-11,2,1,GCL1,RR,720575940572081082,"37747.0,15701.0,1011.0",720575940578351158,,"37747.0,15701.0,1036.0",720575940567494294,44,25,54.021,Slow On,28,38,ON delayed,RGC,73,,-317.2,-761.4,-318.317,-730.236
,,,0,132,Franke,2018-10-11,2,1,GCL1,RR,720575940572805896,"35866.0,18756.0,830.0",720575940561710305,,"36102.0,19050.0,853.0",720575940561710305,45,22,47.5385,On Off,2,2,Fmini OFF,RGC,2an,,-317.2,-761.4,-318.937,-786.39
,,,2,133,Franke,2018-10-11,2,1,GCL1,RR,720575940552583180,"35932.0,19449.0,736.0",720575940558841948,"Same cell, Ca field overlap! (01)","35932.0,19449.0,791.0",720575940558841948,46,46,99.3987,Fast On,18,26,ON tr. MeRF,RGC,6sn,,-317.2,-761.4,-321.993,-796.711
,,,1,134,Franke,2018-10-11,2,1,GCL1,RR,720575940574185157,"36789.0,18021.0,891.0",720575940577701629,,"36789.0,18021.0,951.0",720575940577701629,47,28,60.5036,Uncertain,31,45,SAC,AC,,,-317.2,-761.4,-323.71,-768.487
,,,1,135,Franke,2018-10-11,2,1,GCL1,RR,720575940572045509,"36727.0,18662.0,838.0",720575940578900376,,"36697.0,18602.0,904.0",720575940578900376,48,21,45.3777,Uncertain,31,45,SAC,AC,,,-317.2,-761.4,-326.93,-776.38
,,,1,136,Franke,2018-10-11,2,1,GCL1,RR,720575940546942120,"36550.0,19072.0,820.0",720575940577699837,,"36550.0,19072.0,890.0",720575940577699837,49,23,49.6993,dAC,46,75,SAC,AC,,,-317.2,-761.4,-328.704,-784.344
,,,2,137,Franke,2018-10-11,2,1,GCL1,RR,720575940557939765,"38316.0,16227.0,920.0",720575940559999797,,"38186.0,16411.0,966.0",720575940564764034,50,70,151.259,Off,5,6,OFF tr. alpha,RGC,4ow,,-317.2,-761.4,-329.842,-728.787
,,,2,138,Franke,2018-10-11,2,1,GCL1,RR,720575940552618508,"36037.0,20199.0,754.0",720575940558828892,"Same cell, Ca field overlap! (02)","36146.0,20279.0,809.0",720575940575784878,51,18,38.8951,Off,9,13,OFF tr. MeRF,RGC,4on,,-317.2,-761.4,-331.737,-800.599
,,,2,139,Franke,2018-10-11,2,1,GCL1,RR,720575940552630325,"36405.0,19708.0,793.0",720575940576360344,,"36405.0,19708.0,833.0",720575940576360344,52,30,64.8252,Fast On,10,14,HD1,RGC,5si,,-317.2,-761.4,-331.655,-792.515
,,,0,140,Franke,2018-10-11,2,1,GCL1,RR,720575940557791105,"37351.0,18281.0,901.0",720575940583276541,,"37351.0,18281.0,966.0",720575940561078410,53,26,56.1819,Off,2,2,1ni,RGC,1ni,,-317.2,-761.4,-332.578,-764.849
,,,2,141,Franke,2018-10-11,2,1,GCL1,RR,720575940553319938,"37876.0,17945.0,917.0",720575940555336540,,"37876.0,17945.0,1002.0",720575940555336540,54,34,73.4686,On Off,12,18,OODS,RGC,"37r,v,c",,-317.2,-761.4,-334.97,-756.169
,,https://spelunker.cave-explorer.org/#!middleauth+https://global.daf-apis.com/nglstate/api/v1/6129532944777216,3,142,Franke,2018-10-11,2,1,GCL1,RR,720575940574208197,"36999.0,19057.0,832.0",720575940569193112,,"36999.0,19057.0,882.0",720575940558033287,55,19,41.056,Uncertain,31,45,WFAC,AC,,,-317.2,-761.4,-334.762,-778.73
,,https://spelunker.cave-explorer.org/#!middleauth+https://global.daf-apis.com/nglstate/api/v1/6093761101692928,3,143,Franke,2018-10-11,2,1,GCL1,RR,720575940549202881,"37410.0,18675.0,869.0",720575940573310104,,"37410.0,18675.0,939.0",720575940573310104,56,19,41.056,Uncertain,31,46,WFAC SAD,AC,,,-317.2,-761.4,-336.232,-770.916
,,,0,144,Franke,2018-10-11,2,1,GCL1,RR,720575940549083585,"38345.0,16940.0,951.0",720575940567034429,,"38345.0,16940.0,961.0",720575940563078363,57,28,60.5036,Slow On,27,37,ON OS,RGC,,,-317.2,-761.4,-335.26,-739.665
,,,2,145,Franke,2018-10-11,2,1,GCL1,RR,720575940572013242,"39187.0,15712.0,869.0",720575940558104885,,"39187.0,15712.0,884.0",720575940558104885,58,31,66.9861,dAC,34,52,ON DS sus,RGC,"7iv,r,d",,-317.2,-761.4,-336.926,-718.344
,,,1,146,Franke,2018-10-11,2,1,GCL1,RR,720575940547320922,"38302.0,17604.0,930.0",720575940577652989,,"38208.0,17542.0,941.0",720575940556113199,59,26,56.1819,dAC,41,75,SAC,AC,,,-317.2,-761.4,-338.91,-746.926
,,https://spelunker.cave-explorer.org/#!middleauth+https://global.daf-apis.com/nglstate/api/v1/4682694156877824,3,147,Franke,2018-10-11,2,1,GCL1,RR,720575940549247681,"38885.0,16841.0,1003.0",720575940549312349,,"38885.0,16841.0,1038.0",720575940549312349,60,27,58.3427,Uncertain,31,45,A1,AC,,,-317.2,-761.4,-341.591,-731.565
,,,2,148,Franke,2018-10-11,2,1,GCL1,RR,720575940574221509,"36884.0,20356.0,722.0",720575940556297053,"Same cell, Ca field overlap! (03)","36884.0,20356.0,727.0",720575940566406645,61,30,64.8252,dAC,42,66,PixON,RGC,9n,,-317.2,-761.4,-342.729,-797.268
,,https://spelunker.cave-explorer.org/#!middleauth+https://global.daf-apis.com/nglstate/api/v1/5837903323201536,3,149,Franke,2018-10-11,2,1,GCL1,RR,720575940553799682,"37336.0,19530.0,802.0",720575940578939288,,"37336.0,19530.0,867.0",720575940578939288,62,16,34.5735,dAC,35,53,dAC WF mid-IPL,AC,,,-317.2,-761.4,-341.914,-782.531
,,,1,150,Franke,2018-10-11,2,1,GCL1,RR,720575940541085222,"37381.0,19129.0,842.0",720575940576442520,,"37381.0,19129.0,907.0",720575940556201191,63,13,28.0909,Uncertain,30,45,,AC,,,-317.2,-761.4,-341.285,-775.761
,,https://spelunker.cave-explorer.org/#!middleauth+https://global.daf-apis.com/nglstate/api/v1/5025384581038080,3,151,Franke,2018-10-11,2,1,GCL1,RR,720575940554823070,"37854.0,18705.0,820.0",720575940562014617,,"37854.0,18705.0,910.0",720575940562014617,64,22,47.5385,Off,1,1,,RGC,,,-317.2,-761.4,-342.858,-765.075
,,,1,152,Franke,2018-10-11,2,1,GCL1,RR,720575940549824267,"37279.0,19946.0,783.0",720575940572919448,,"37217.0,19954.0,782.0",720575940572919448,65,16,34.5735,Uncertain,31,45,WFAC,AC,,,-317.2,-761.4,-343.843,-788.319
,,,2,153,Franke,2018-10-11,2,1,GCL1,RR,720575940555235230,"38479.0,18250.0,898.0",720575940550792028,,"38479.0,18250.0,963.0",720575940566442502,66,76,164.224,Uncertain,32,48,SbC EW27,RGC,27,,-317.2,-761.4,-348.147,-755.249
,,,0,154,Franke,2018-10-11,2,1,GCL1,RR,720575940554854302,"38905.0,17381.0,938.0",720575940559605823,,"38905.0,17381.0,973.0",720575940559605823,67,15,32.4126,Fast On,17,23,Fmini OFF,RGC,2an,,-317.2,-761.4,-345.032,-739.056
,,,2,155,Franke,2018-10-11,2,1,GCL1,RR,720575940553778946,"37904.0,19266.0,765.0",720575940549668957,,"37904.0,19266.0,795.0",720575940564408164,68,45,97.2379,dAC,42,70,PixON,RGC,9n,,-317.2,-761.4,-348.919,-772.703
,,,1,156,Franke,2018-10-11,2,1,GCL1,RR,720575940549419201,"38924.0,17758.0,890.0",720575940566218813,,"38924.0,17758.0,920.0",720575940566218813,69,23,49.6993,dAC,46,75,SAC,AC,,,-317.2,-761.4,-349.092,-743.377
sstroeh,,,1,157,Franke,2018-10-11,2,1,GCL1,RR,720575940574320317,"37434.0,20426.0,771.0",720575940562127769,,"37434.0,20426.0,866.0",720575940551914453,70,23,49.6993,dAC,46,45,SAC,AC,,,-317.2,-761.4,-350.179,-790.288
,,,1,158,Franke,2018-10-11,2,1,GCL1,RR,720575940551561607,"39350.0,17255.0,991.0",720575940549900381,,"39350.0,17255.0,1016.0",720575940549900381,71,26,56.1819,Uncertain,14,45,,RGC,,,-317.2,-761.4,-350.67,-732.566
,,,2,159,Franke,2018-10-11,2,1,GCL1,RR,720575940555393530,"37333.0,20997.0,702.0",720575940553930589,"Same cell, Ca field overlap! (04)","37333.0,20997.0,752.0",720575940569666057,72,32,69.1469,dAC,43,72,OODS,RGC,"37r,v,c",,-317.2,-761.4,-353.49,-799.39
,,,2,160,Franke,2018-10-11,2,1,GCL1,RR,720575940563198175,"37878.0,19957.0,758.0",720575940548183901,,"37878.0,19957.0,793.0",720575940558909841,73,31,66.9861,dAC,43,70,ON OS,RGC,72,,-317.2,-761.4,-354.329,-781.174
,,,2,161,Franke,2018-10-11,2,1,GCL1,RR,720575940572225477,"38038.0,20745.0,728.0",720575940575237272,,"38038.0,20745.0,733.0",720575940582704507,74,18,38.8951,Off,3,3,,RGC,2i or 2aw (symmetric),,-317.2,-761.4,-358.359,-788.513
,,,2,162,Franke,2018-10-11,2,1,GCL1,RR,720575940552342151,"38740.0,19331.0,842.0",720575940577698813,,"38740.0,19331.0,862.0",720575940565002479,75,25,54.021,dAC,37,57,SAC,AC,,,-317.2,-761.4,-358.477,-764.752
,,,2,163,Franke,2018-10-11,2,1,GCL1,RR,720575940556588668,"39487.0,18171.0,905.0",720575940576995638,,"39487.0,18171.0,1005.0",720575940562596631,76,31,66.9861,Off,43,71,OFF tr. SmRF,RGC,4i,,-317.2,-761.4,-358.834,-741.674
,,,2,164,Franke,2018-10-11,2,1,GCL1,RR,720575940552340871,"39155.0,18753.0,850.0",720575940578729112,,"39155.0,18753.0,875.0",720575940566360376,77,35,75.6294,On Off,12,18,OODS,RGC,"37r,v,c",,-317.2,-761.4,-359.577,-752.622
,,,2,165,Franke,2018-10-11,2,1,GCL1,RR,720575940545403331,"37843.0,21275.0,687.0",720575940578896237,"Same cell, Ca field overlap! (05)","37843.0,21275.0,747.0",720575940570533675,78,25,54.021,dAC,43,71,Fmini OFF,RGC,2an,,-317.2,-761.4,-361.005,-796.091
,,,2,166,Franke,2018-10-11,2,1,GCL2,RR,720575940557456528,"26172.0,29697.0,316.0",720575940549124701,,"26172.0,29697.0,356.0",720575940540440952,1,18,38.8951,dAC,43,67,UHD,RGC,5ti,,-317.2,-985.4,-272.937,-1024.76
,,,1,167,Franke,2018-10-11,2,1,GCL2,RR,720575940561931950,"26292.0,29061.0,309.0",720575940573498008,,"26292.0,29061.0,379.0",720575940549094100,2,11,23.7693,dAC,42,65,A1,AC,,,-317.2,-985.4,-271.497,-1017.21
,,,2,168,Franke,2018-10-11,2,1,GCL2,RR,720575940536902213,"28045.0,26042.0,368.0",720575940552840797,,"28143.0,26013.0,374.0",720575940560876523,3,18,38.8951,Uncertain,31,45,,AC,,,-317.2,-985.4,-271.467,-967.107
,,,2,169,Franke,2018-10-11,2,1,GCL2,RR,720575940555123782,"28328.0,25477.0,370.0",720575940549515357,,"28328.0,25477.0,385.0",720575940557761317,4,18,38.8951,dAC,43,71,OODS V (Hb9),RGC,37d,,-317.2,-985.4,-271.794,-956.572
,,,2,170,Franke,2018-10-11,2,1,GCL2,RR,720575940552304202,"28690.0,25078.0,429.0",720575940570465625,,"28690.0,25078.0,484.0",720575940565353474,5,33,71.3078,dAC,43,71,UHD,RGC,5ti,,-317.2,-985.4,-274.214,-947.804
,,,2,171,Franke,2018-10-11,2,1,GCL2,RR,720575940548734326,"27902.0,27099.0,311.0",720575940556488541,,"27902.0,27099.0,406.0",720575940581074302,6,20,43.2168,Uncertain,13,19,dAC SAD,AC,,,-317.2,-985.4,-275.6,-978.418
,,,2,172,Franke,2018-10-11,2,1,GCL2,RR,720575940549002197,"26785.0,29732.0,302.0",720575940576291325,,"26785.0,29732.0,362.0",720575940563154495,7,42,90.7553,Off,4,5,OFF tr. SmRF,RGC,4i,,-317.2,-985.4,-280.521,-1020.19
,,,2,173,Franke,2018-10-11,2,1,GCL2,RR,,"28721.0,27179.0,243.0",720575940573619352,Undersegmented,"28832.0,26935.0,326.0",720575940573619352,8,102,220.406,Slow On,27,37,ON alpha,RGC,8w,,-317.2,-985.4,-284.644,-970.037
,,,2,174,Franke,2018-10-11,2,1,GCL2,RR,720575940552302922,"28633.0,26002.0,276.0",720575940557803357,,"28633.0,26002.0,326.0",720575940552091409,9,18,38.8951,Uncertain,31,44,SAC,AC,,,-317.2,-985.4,-278.572,-959.43
,,,2,175,Franke,2018-10-11,2,1,GCL2,RR,720575940551984936,"27962.0,27879.0,292.0",720575940556229468,,"27962.0,27879.0,317.0",720575940560877035,10,35,75.6294,Uncertain,31,46,M6,RGC,91,,-317.2,-985.4,-282.97,-986.366
,https://spelunker.cave-explorer.org/#!middleauth+https://global.daf-apis.com/nglstate/api/v1/5492728428232704,,1,176,Franke,2018-10-11,2,1,GCL2,RR,720575940558009457,"29217.0,25986.0,362.0",720575940577505944,,"29217.0,25986.0,402.0",720575940577505944,11,27,58.3427,dAC,42,65,A1,AC,,,-317.2,-985.4,-285.732,-955.728
,,,2,177,Franke,2018-10-11,2,1,GCL2,RR,720575940550424971,"29536.0,25409.0,420.0",720575940546892125,,"29536.0,25409.0,435.0",720575940558569877,12,25,54.021,Off,32,4,3i or 3o?,RGC,3i or 3o?,,-317.2,-985.4,-284.802,-944.829
,,,2,178,Franke,2018-10-11,2,1,GCL2,RR,720575940561930158,"26726.0,30379.0,303.0",720575940577792253,,"26726.0,30379.0,363.0",720575940550367141,13,15,32.4126,dAC,7,10,,AC,,,-317.2,-985.4,-287.8,-1025.48
,,,1,179,Franke,2018-10-11,2,1,GCL2,RR,720575940554690648,"27483.0,28541.0,351.0",720575940574158462,Unlikely that they meant this,"27407.0,28470.0,384.0",720575940574158462,14,11,23.7693,Uncertain,13,19,,AC,,,-317.2,-985.4,-285.128,-996.625
,,,2,180,Franke,2018-10-11,2,1,GCL2,RR,720575940545340764,"27470.0,29591.0,315.0",720575940581856765,,"27470.0,29591.0,380.0",720575940559233157,15,21,45.3777,Uncertain,32,49,,AC,,,-317.2,-985.4,-287.8,-1011.86
,,,2,181,Franke,2018-10-11,2,1,GCL2,RR,720575940551941796,"26807.0,28239.0,334.0",720575940558905948,Unlikely that they meant this,"26807.0,28239.0,424.0",720575940563420517,16,11,23.7693,dAC,42,67,"OFF trans alpha, I think",RGC,4ow,,-317.2,-985.4,-289.003,-1003.71
,,,2,182,Franke,2018-10-11,2,1,GCL2,RR,720575940577732240,"28484.0,27897.0,261.0",720575940576989949,"Merger, therefore same OLD IDs (01)","28484.0,27897.0,286.0",720575940550236896,17,21,45.3777,dAC,42,65,A1,AC,,,-317.2,-985.4,-289.48,-980.99
,,,2,183,Franke,2018-10-11,2,1,GCL2,RR,720575940545753692,"27376.0,30263.0,309.0",720575940570665305,,"27376.0,30263.0,324.0",720575940556204519,18,20,43.2168,dAC,42,70,WFAC,AC,,,-317.2,-985.4,-292.651,-1020.75
,,,2,184,Franke,2018-10-11,2,1,GCL2,RR,720575940573975444,"28531.0,28554.0,234.0",720575940556743260,Maybe just one cell (but 19 underlying),"28531.0,28554.0,284.0",720575940564772175,19,24,51.8602,dAC,42,67,MFAC,AC,,,-317.2,-985.4,-291.782,-992.689
,,,2,185,Franke,2018-10-11,2,1,GCL2,RR,720575940577354384,"28192.0,29070.0,289.0",720575940580933629,Maybe just one cell (but 19 underlying),"28192.0,29070.0,299.0",720575940561752140,20,14,30.2518,dAC,42,67,ON OS,RGC,"82n, 82wi, or 82wo",,-317.2,-985.4,-294.73,-999.575
,,,2,186,Franke,2018-10-11,2,1,GCL2,RR,720575940541618013,"29580.0,26798.0,345.0",720575940557305692,,"29580.0,26798.0,360.0",720575940572959385,21,35,75.6294,Uncertain,31,44,M6,RGC,91,,-317.2,-985.4,-296.074,-959.822
,,,2,187,Franke,2018-10-11,2,1,GCL2,RR,720575940538801471,"30017.0,26016.0,341.0",720575940558151005,,"30017.0,26016.0,351.0",720575940564772431,22,47,101.56,dAC,40,62,M1,RGC,1ws,,-317.2,-985.4,-297.121,-946.836
,,,2,188,Franke,2018-10-11,2,1,GCL2,RR,720575940558194576,"28141.0,29674.0,296.0",720575940578151832,,"28231.0,29670.0,312.0",720575940557221244,23,41,88.5945,dAC,40,67,UHD,RGC,5ti,,-317.2,-985.4,-298.377,-1006.19
,,,2,189,Franke,2018-10-11,2,1,GCL2,RR,720575940554121124,"27834.0,30508.0,212.0",720575940577959320,,"27834.0,30508.0,277.0",720575940562446931,24,34,73.4686,Off,43,71,3o?,RGC,3o?,,-317.2,-985.4,-300.079,-1018.3
,,,1,190,Franke,2018-10-11,2,1,GCL2,RR,720575940574970747,"28963.0,28188.0,293.0",720575940576681342,,"28963.0,28188.0,308.0",720575940576681342,25,33,71.3078,Uncertain,31,46,A1,AC,,,-317.2,-985.4,-297.734,-980.055
,,,2,191,Franke,2018-10-11,2,1,GCL2,RR,720575940550850955,"29400.0,27359.0,333.0",720575940552873565,,"29400.0,27359.0,373.0",720575940556205031,26,20,43.2168,Uncertain,31,46,,AC,,,-317.2,-985.4,-298.311,-967.76
,,,2,192,Franke,2018-10-11,2,1,GCL2,RR,720575940555560280,"28764.0,29032.0,261.0",720575940575241624,,"28764.0,29032.0,286.0",720575940579885493,27,38,82.112,Uncertain,32,49,OFFvOS JAMB,RGC,2aw,,-317.2,-985.4,-301.417,-992.131
,,,2,193,Franke,2018-10-11,2,1,GCL2,RR,720575940551031435,"29462.0,27918.0,257.0",720575940557144669,,"29462.0,27918.0,287.0",720575940550091303,28,38,82.112,On Off,14,20,OODS,RGC,"37r,v,c",,-317.2,-985.4,-305.363,-972.557
,,,2,194,Franke,2018-10-11,2,1,GCL2,RR,720575940541408349,"30160.0,26932.0,349.0",720575940572545176,,"30160.0,26932.0,399.0",720575940563850407,29,39,84.2728,Uncertain,31,45,Fmini OFF,RGC,2an,,-317.2,-985.4,-305.402,-955.171
,,,2,195,Franke,2018-10-11,2,1,GCL2,RR,720575940538752902,"29046.0,29891.0,224.0",720575940568834137,,"29046.0,29891.0,234.0",720575940551916501,30,52,112.364,On Off,12,17,ON Bursty?,RGC,3i?,,-317.2,-985.4,-310.613,-998.206
,,,1,196,Franke,2018-10-11,2,1,GCL2,RR,720575940576233020,"29288.0,28660.0,202.0",720575940573672088,,"29288.0,28660.0,272.0",720575940573672088,31,11,23.7693,Uncertain,31,46,SAC,AC,,,-317.2,-985.4,-305.574,-980.723
,,,2,197,Franke,2018-10-11,2,1,GCL2,RR,720575940557999301,"30298.0,27668.0,328.0",720575940569406041,,"30298.0,27668.0,353.0",720575940570193631,32,38,82.112,dAC,42,68,,AC,,,-317.2,-985.4,-311.011,-963.273
,,,2,198,Franke,2018-10-11,2,1,GCL2,RR,720575940549727743,"30747.0,26710.0,346.0",720575940572947096,,"30747.0,26710.0,361.0",720575940568791492,33,28,60.5036,dAC,46,74,PixON,RGC,9n,,-317.2,-985.4,-309.325,-946.393
,,,2,199,Franke,2018-10-11,2,1,GCL2,RR,720575940556053049,"28134.0,31563.0,308.0",720575940572510104,,"28134.0,31563.0,318.0",720575940558570901,34,13,28.0909,Uncertain,31,45,PixON,RGC,9n,,-317.2,-985.4,-310.755,-1025.43
,,,2,200,Franke,2018-10-11,2,1,GCL2,RR,720575940559738416,"29359.0,29195.0,252.0",720575940577603069,Same cell? (02),"29359.0,29195.0,292.0",720575940558571413,35,19,41.056,Off,4,5,OFFvOS JAMB,RGC,2aw,,-317.2,-985.4,-310.779,-988.185
,,,-1,201,Franke,2018-10-11,2,1,GCL2,RR,720575940559738416,"29300.0,29180.0,252.0",720575940577603069,Same cell? (02),"29300.0,29180.0,292.0",720575940558571413,36,11,23.7693,Off,4,5,,,,,-317.2,-985.4,-310.786,-982.594
,,,1,202,Franke,2018-10-11,2,1,GCL2,RR,720575940559439597,"28902.0,30611.0,283.0",720575940578060184,,"28902.0,30611.0,358.0",720575940557232271,37,31,66.9861,Uncertain,31,45,SAC,AC,,,-317.2,-985.4,-314.402,-1008.59
,,,2,203,Franke,2018-10-11,2,1,GCL2,RR,720575940562768302,"30882.0,27664.0,310.0",720575940551259996,,"30882.0,27664.0,385.0",720575940549095124,38,30,64.8252,Uncertain,31,44,SAC,AC,,,-317.2,-985.4,-318.033,-955.02
,,,2,204,Franke,2018-10-11,2,1,GCL2,RR,720575940554784420,"30506.0,28304.0,332.0",720575940570391960,,"30506.0,28304.0,387.0",720575940557047768,39,29,62.6644,dAC,42,65,WFAC,AC,,,-317.2,-985.4,-318.721,-966.949
,,,2,205,Franke,2018-10-11,2,1,GCL2,RR,720575940559129837,"31292.0,26705.0,330.0",720575940555182940,,"31292.0,26705.0,340.0",720575940560552272,40,28,60.5036,Off,3,3,ON OS,RGC,"82n, 82wi, or 82wo",,-317.2,-985.4,-317.41,-943.296
,,,2,206,Franke,2018-10-11,2,1,GCL2,RR,720575940575963796,"28745.0,31752.0,351.0",720575940578120600,,"28745.0,31752.0,411.0",720575940566959116,41,22,47.5385,dAC,30,75,ON tr. SmRF,RGC,6sn,,-317.2,-985.4,-319.739,-1024.35
,,,2,207,Franke,2018-10-11,2,1,GCL2,RR,720575940538396806,"29775.0,30041.0,263.0",720575940563183513,,"29775.0,30041.0,288.0",720575940552044227,42,69,149.098,dAC,28,45,ON DS sus,RGC,"7iv,r,d",,-317.2,-985.4,-323.442,-992.729
,,,2,208,Franke,2018-10-11,2,1,GCL2,RR,720575940544297990,"30101.0,29368.0,277.0",720575940556200285,,"30101.0,29368.0,327.0",720575940556200285,43,22,47.5385,On Off,10,14,Fmini OFF,RGC,2an,,-317.2,-985.4,-319.405,-983.796
,,,2,209,Franke,2018-10-11,2,1,GCL2,RR,720575940563797934,"29307.0,30545.0,313.0",720575940555271004,,"29307.0,30545.0,353.0",720575940560512974,44,15,32.4126,dAC,7,10,dAC MFAC,AC,,,-317.2,-985.4,-320.042,-1004.22
,,,2,210,Franke,2018-10-11,2,1,GCL2,RR,720575940559158981,"31275.0,27698.0,343.0",720575940553035356,,"31462.0,27930.0,316.0",720575940551917269,45,28,60.5036,Fast On,17,24,2i or 2o,RGC,2i or 2o,,-317.2,-985.4,-325.6,-951.853
,,,2,211,Franke,2018-10-11,2,1,GCL2,RR,720575940559364805,"31711.0,27054.0,333.0",720575940579059096,,"31711.0,27054.0,353.0",720575940552044739,46,14,30.2518,Uncertain,31,46,,AC,,,-317.2,-985.4,-325.075,-941.721
,,,2,212,Franke,2018-10-11,2,1,GCL2,RR,720575940549821695,"29844.0,30713.0,277.0",720575940572990104,,"29844.0,30713.0,312.0",720575940572990104,47,41,88.5945,On Off,12,18,OODS,RGC,"37r,v,c",,-317.2,-985.4,-328.96,-1002.43
,,,2,213,Franke,2018-10-11,2,1,GCL2,RR,720575940563803054,"30505.0,29692.0,342.0",720575940557280092,,"30505.0,29692.0,402.0",720575940557280092,48,42,90.7553,Uncertain,31,45,SAC,AC,,,-317.2,-985.4,-329.03,-980.325
,,,2,214,Franke,2018-10-11,2,1,GCL2,RR,720575940576029076,"31119.0,28496.0,315.0",720575940555811677,,"31119.0,28496.0,340.0",720575940559233669,49,23,49.6993,dAC,41,66,A1,AC,,,-317.2,-985.4,-327.618,-960.474
,,,2,215,Franke,2018-10-11,2,1,GCL2,RR,720575940550323554,"31759.0,27601.0,287.0",720575940559052636,,"31759.0,27601.0,352.0",720575940566960396,50,18,38.8951,Uncertain,31,46,dAC SAD,AC,,,-317.2,-985.4,-329.613,-945.874
,,https://spelunker.cave-explorer.org/#!middleauth+https://global.daf-apis.com/nglstate/api/v1/5275485341745152,3,216,Franke,2018-10-11,2,1,GCL2,RR,720575940557256280,"31257.0,28855.0,393.0",720575940555193948,,"31257.0,28855.0,483.0",720575940552046275,51,27,58.3427,dAC,35,53,WFAC,AC,,,-317.2,-985.4,-330.865,-966.726
,,,2,217,Franke,2018-10-11,2,1,GCL2,RR,720575940545978871,"29715.0,31614.0,306.0",720575940558269021,,"29715.0,31614.0,391.0",720575940573881558,52,43,92.9162,Off,9,13,OFF tr. SmRF,RGC,4i,,-317.2,-985.4,-333.746,-1011.18
,,,2,218,Franke,2018-10-11,2,1,GCL2,RR,720575940540113546,"32245.0,27199.0,369.0",720575940573671832,,"32367.0,27107.0,407.0",720575940563026233,53,13,28.0909,Uncertain,31,44,SAC,AC,,,-317.2,-985.4,-334.614,-940.848
,,,2,219,Franke,2018-10-11,2,1,GCL2,RR,720575940559427565,"30469.0,30639.0,228.0",720575940573143897,,"30469.0,30639.0,328.0",720575940551591410,54,47,101.56,Fast On,35,53,OFF tr. alpha,RGC,4ow,,-317.2,-985.4,-336.404,-990.248
,,,2,220,Franke,2018-10-11,2,1,GCL2,RR,720575940550530773,"30715.0,30086.0,189.0",720575940577984664,,"30715.0,30086.0,219.0",720575940565003247,55,17,36.7343,Uncertain,31,45,2o or 2i?,RGC,2o or 2i?,,-317.2,-985.4,-335.272,-973.035
,,,2,221,Franke,2018-10-11,2,1,GCL2,RR,720575940549660002,"31938.0,28207.0,335.0",720575940556322396,,"31938.0,28207.0,390.0",720575940564772943,56,31,66.9861,Uncertain,33,50,HD1,RGC,5si,,-317.2,-985.4,-338.349,-951.638
,,,1,222,Franke,2018-10-11,2,1,GCL2,RR,720575940575963708,"31756.0,28755.0,332.0",720575940556487772,,"31785.0,28842.0,351.0",720575940568238448,57,30,64.8252,Uncertain,31,45,SAC,AC,,,-317.2,-985.4,-339.152,-960.655
,,,2,223,Franke,2018-10-11,2,1,GCL2,RR,720575940541211050,"30403.0,31201.0,331.0",720575940556057180,,"30469.0,30900.0,325.0",720575940570533931,58,22,47.5385,Uncertain,31,46,dAC SAD,AC,,,-317.2,-985.4,-339.116,-1001.44
,,,2,224,Franke,2018-10-11,2,1,GCL2,RR,720575940547780594,"31746.0,29698.0,364.0",720575940556169053,,"31746.0,29698.0,424.0",720575940567571466,59,43,92.9162,Off,7,10,OFF sus alpha?,RGC,1wt,,-317.2,-985.4,-343.489,-970.7
,,,2,225,Franke,2018-10-11,2,1,GCL2,RR,720575940549571145,"31348.0,30327.0,312.0",720575940562529433,,"31348.0,30327.0,317.0",720575940557048280,60,57,123.168,Uncertain,31,45,,RGC,,,-317.2,-985.4,-346.11,-981.583
,,,2,226,Franke,2018-10-11,2,1,GCL2,RR,720575940549841109,"30531.0,32200.0,318.0",720575940563224729,,"30531.0,32200.0,363.0",720575940563224729,61,37,79.9511,Off,43,71,OFF tr. SmRF,RGC,4i,,-317.2,-985.4,-346.917,-1012.65
,,,2,227,Franke,2018-10-11,2,1,GCL2,RR,720575940562274734,"30809.0,32035.0,216.0",720575940557390428,,"30809.0,32035.0,256.0",720575940566484988,62,85,183.672,dAC,42,65,ON alpha,RGC,8w,,-317.2,-985.4,-351.788,-1003.42
,,,2,228,Franke,2018-10-11,2,1,GCL2,RR,720575940549833429,"31081.0,31108.0,213.0",720575940577717757,,"31081.0,31108.0,228.0",720575940561974782,63,47,101.56,Uncertain,31,46,ON DS sus,RGC,"7iv,r,d",,-317.2,-985.4,-348.414,-991.718
,,,1,229,Franke,2018-10-11,2,1,GCL2,RR,720575940555336314,"33051.0,28528.0,286.0",720575940563304089,,"33051.0,28528.0,361.0",720575940563304089,64,23,49.6993,Uncertain,31,45,SAC,AC,,,-317.2,-985.4,-353.119,-944.049
,,,2,230,Franke,2018-10-11,2,1,GCL2,RR,720575940550937181,"32745.0,29057.0,372.0",720575940558196316,,"32745.0,29057.0,417.0",720575940562142603,65,17,36.7343,Fast On,34,52,dAC nNOS-2 or WF mid-IPL,AC,,,-317.2,-985.4,-355.419,-953.493
,,,2,231,Franke,2018-10-11,2,1,GCL2,RR,720575940555519675,"33082.0,29184.0,283.0",720575940550927709,,"33031.0,29116.0,290.0",720575940550927709,66,21,45.3777,Fast On,17,24,Fmini OFF,RGC,2aw,,-317.2,-985.4,-360.319,-949.281
,,,1,232,Franke,2018-10-11,2,1,GCL3,RR,720575940548516489,"39878.0,36479.0,566.0",720575940577144958,,"39878.0,36479.0,571.0",720575940551244104,1,15,32.4126,Uncertain,31,44,A1,AC,,,-558,-935.2,-513.999,-953.036
,,,2,233,Franke,2018-10-11,2,1,GCL3,RR,720575940550779031,"40764.0,35144.0,483.0",720575940554163036,,"40764.0,35144.0,493.0",720575940570325684,2,29,62.6644,Uncertain,31,45,Fmini ON,RGC,63,,-558,-935.2,-516.536,-936.974
,,,2,234,Franke,2018-10-11,2,1,GCL3,RR,720575940572665759,"41229.0,34469.0,465.0",720575940567514009,,"41229.0,34469.0,470.0",720575940540442232,3,50,108.042,Slow On,22,31,sSBC EW27 or 28,RGC,27 or 28,,-558,-935.2,-519.045,-924.587
,,,2,235,Franke,2018-10-11,2,1,GCL3,RR,720575940556807247,"41789.0,33955.0,473.0",720575940568412569,,"41789.0,33955.0,518.0",720575940556654838,4,35,75.6294,Uncertain,31,45,ON OS,RGC,72,,-558,-935.2,-520.872,-913.864
,,,2,236,Franke,2018-10-11,2,1,GCL3,RR,720575940580656190,"40138.0,36924.0,484.0",720575940577236120,,"40138.0,36924.0,564.0",720575940577636905,5,24,51.8602,Uncertain,31,44,dAC SAD,AC,,,-558,-935.2,-523.945,-963.007
,,,2,237,Franke,2018-10-11,2,1,GCL3,RR,720575940558378888,"40294.0,36532.0,419.0",720575940563196569,,"40294.0,36532.0,454.0",720575940563196569,6,44,95.077,Uncertain,31,44,ON DS sus,RGC,"7iv,r,d",,-558,-935.2,-523.957,-955.145
,,,1,238,Franke,2018-10-11,2,1,GCL3,RR,720575940568487793,"39971.0,37331.0,535.0",720575940552842333,,"39971.0,37331.0,580.0",720575940560878059,7,12,25.9301,Off,43,71,dAC SAD,AC,,,-558,-935.2,-523.578,-969.867
,,,2,239,Franke,2018-10-11,2,1,GCL3,RR,720575940562377319,"41283.0,35334.0,499.0",720575940578298457,,"41283.0,35334.0,569.0",720575940549115707,8,31,66.9861,Off,22,31,UHD,RGC,5ti,,-558,-935.2,-525.423,-933.54
,,,2,240,Franke,2018-10-11,2,1,GCL3,RR,720575940574552735,"41053.0,35835.0,411.0",720575940574576536,,"41053.0,35835.0,476.0",720575940574576536,9,20,43.2168,Slow On,27,37,ON DS sus,RGC,"7iv,r,d",,-558,-935.2,-525.734,-943.432
,,https://spelunker.cave-explorer.org/#!middleauth+https://global.daf-apis.com/nglstate/api/v1/5462846512037888,3,241,Franke,2018-10-11,2,1,GCL3,RR,720575940558367152,"40110.0,37960.0,506.0",720575940572667481,,"40110.0,37960.0,536.0",720575940555348378,10,16,34.5735,Uncertain,31,45,A1,AC,,,-558,-935.2,-529.795,-973.971
,,,2,242,Franke,2018-10-11,2,1,GCL3,RR,720575940552969720,"40320.0,37447.0,402.0",720575940559570549,,"40320.0,37447.0,422.0",720575940559570549,11,12,25.9301,On Off,14,20,1ni or 1no,RGC,1ni or 1no,,-558,-935.2,-529.58,-967.417
,,,2,243,Franke,2018-10-11,2,1,GCL3,RR,720575940553409587,"42020.0,34847.0,449.0",720575940578974553,,"42020.0,34847.0,484.0",720575940578974553,12,36,77.7903,On Off,31,45,ON delayed RGC,RGC,73,,-558,-935.2,-531.091,-922.501
,,,2,244,Franke,2018-10-11,2,1,GCL3,RR,720575940556938831,"42468.0,33869.0,523.0",720575940571695001,,"42468.0,33869.0,593.0",720575940571695001,13,21,45.3777,Uncertain,31,42,SAC,AC,,,-558,-935.2,-529.58,-907.06
,,,2,245,Franke,2018-10-11,2,1,GCL3,RR,720575940560066459,"41448.0,35857.0,497.0",720575940575472024,,"41448.0,35857.0,557.0",720575940575472024,14,18,38.8951,Uncertain,31,46,dAC MF,AC,,,-558,-935.2,-531.54,-938.63
,,,2,246,Franke,2018-10-11,2,1,GCL3,RR,720575940556055511,"41315.0,36648.0,441.0",720575940572877977,,"41315.0,36648.0,471.0",720575940572877977,15,41,88.5945,dAC,22,31,OFFvOS (JAMB),RGC,2aw,,-558,-935.2,-534.982,-948.143
,,,2,247,Franke,2018-10-11,2,1,GCL3,RR,720575940560376282,"42633.0,34590.0,491.0",720575940551333469,,"42633.0,34590.0,501.0",720575940551333469,16,43,92.9162,Off,22,31,Fmini OFF,RGC,2an,,-558,-935.2,-535.608,-913.15
,,,2,248,Franke,2018-10-11,2,1,GCL3,RR,720575940550888343,"40866.0,37490.0,488.0",720575940575168664,,"40866.0,37490.0,553.0",720575940575168664,17,26,56.1819,Uncertain,31,46,dAC SAD,AC,,,-558,-935.2,-535.894,-962.677
,,,2,249,Franke,2018-10-11,2,1,GCL3,RR,720575940560258459,"41904.0,35455.0,463.0",720575940582824701,,"41904.0,35455.0,508.0",720575940582824701,18,27,58.3427,dAC,38,64,ON OS,RGC,"82n, 82wi, or 82wo",,-558,-935.2,-536.713,-930.572
,,,2,250,Franke,2018-10-11,2,1,GCL3,RR,720575940541300675,"40366.0,38533.0,416.0",720575940586150653,,"40366.0,38533.0,426.0",720575940586150653,19,12,25.9301,Off,4,5,OFF tr. SmRF,RGC,4i,,-558,-935.2,-536.685,-975.38
,,,2,251,Franke,2018-10-11,2,1,GCL3,RR,720575940567903497,"41155.0,37097.0,488.0",720575940566774069,,"41126.0,36949.0,473.0",720575940566774069,20,17,36.7343,Uncertain,31,43,SAC,AC,,,-558,-935.2,-536.815,-955.434
,,,2,252,Franke,2018-10-11,2,1,GCL3,RR,720575940550886807,"40839.0,37974.0,503.0",720575940571979161,,"40839.0,37974.0,528.0",720575940571979161,21,11,23.7693,Uncertain,31,46,dAC MFAC,AC,,,-558,-935.2,-539.425,-967.94
,,,2,253,Franke,2018-10-11,2,1,GCL3,RR,720575940560471823,"41961.0,36489.0,472.0",720575940577211850,,"41961.0,36489.0,502.0",720575940577211850,22,32,69.1469,Fast On,17,24,Fmini OFF,RGC,2an,,-558,-935.2,-541.784,-940.667
,,,1,254,Franke,2018-10-11,2,1,GCL3,RR,720575940560528911,"42629.0,35374.0,488.0",720575940574539160,,"42629.0,35374.0,538.0",720575940574539160,23,27,58.3427,Uncertain,31,46,WFAC,AC,,,-558,-935.2,-542.429,-921.643
,,,2,255,Franke,2018-10-11,2,1,GCL3,RR,720575940550861719,"41013.0,38376.0,457.0",720575940579189757,,"41013.0,38376.0,482.0",720575940576320965,24,24,51.8602,Uncertain,31,44,PixON,RGC,9n,,-558,-935.2,-544.648,-969.867
,,,2,256,Franke,2018-10-11,2,1,GCL3,RR,720575940551878109,"41506.0,37661.0,463.0",720575940581666964,,"41534.0,37440.0,476.0",720575940581666964,25,24,51.8602,Uncertain,31,46,WFAC,AC,,,-558,-935.2,-544.586,-958.23
,,,2,257,Franke,2018-10-11,2,1,GCL3,RR,720575940560514319,"42539.0,36283.0,480.0",720575940556991069,,"42539.0,36283.0,485.0",720575940556991069,26,29,62.6644,dAC,6,58,,RGC,2o or 2i?,,-558,-935.2,-547.406,-932.311
,,,2,258,Franke,2018-10-11,2,1,GCL3,RR,720575940540215686,"42044.0,37482.0,494.0",720575940573067097,,"42044.0,37482.0,534.0",720575940573067097,27,65,140.455,Off,6,9,OODS,RGC,"37r,v,c",,-558,-935.2,-551.962,-949.696
,,,1,259,Franke,2018-10-11,2,1,GCL3,RR,720575940546185672,"43292.0,35146.0,458.0",720575940578914045,,"43472.0,35221.0,429.0",720575940578914045,28,30,64.8252,Uncertain,17,45,,RGC,,,-558,-935.2,-548.935,-911.778
,,,2,260,Franke,2018-10-11,2,1,GCL3,RR,720575940555812497,"41384.0,38952.0,443.0",720575940567087113,,"41384.0,38952.0,468.0",720575940567087113,29,39,84.2728,Off,4,5,OFF tr MeRF,RGC,4on,,-558,-935.2,-553.251,-973.08
,,,2,261,Franke,2018-10-11,2,1,GCL3,RR,720575940569769505,"42440.0,36858.0,486.0",720575940577487961,,"42440.0,36858.0,511.0",720575940577487961,30,20,43.2168,Uncertain,31,42,SAC,AC,,,-558,-935.2,-550.65,-940.345
,,,2,262,Franke,2018-10-11,2,1,GCL3,RR,720575940555220113,"42946.0,35891.0,471.0",720575940555436125,,"42946.0,35891.0,501.0",720575940555436125,31,16,34.5735,Uncertain,31,44,nNOS-2 AC,AC,,,-558,-935.2,-549.823,-924.543
,,,2,263,Franke,2018-10-11,2,1,GCL3,RR,720575940540201350,"41928.0,38259.0,485.0",720575940572012447,,"41928.0,38259.0,555.0",720575940572012447,32,66,142.616,dAC,34,51,ON tr. MeRF,RGC,6sw,,-558,-935.2,-556.53,-960.323
,,,2,264,Franke,2018-10-11,2,1,GCL3,RR,720575940546191816,"43409.0,35864.0,476.0",720575940569713305,,"43430.0,35926.0,478.0",720575940569713305,33,18,38.8951,Uncertain,31,46,SAC,AC,,,-558,-935.2,-555.06,-919.765
,,,2,265,Franke,2018-10-11,2,1,GCL3,RR,720575940560745178,"42986.0,36495.0,520.0",720575940579486717,,"42986.0,36495.0,595.0",720575940579486717,34,11,23.7693,Uncertain,32,49,nNOS-2 AC,AC,,,-558,-935.2,-554.793,-929.186
,,,1,266,Franke,2018-10-11,2,1,GCL3,RR,720575940546415816,"43948.0,35139.0,548.0",720575940549269084,,"43948.0,35139.0,598.0",720575940549269084,35,29,62.6644,Uncertain,31,45,WFAC A1-like,AC,,,-558,-935.2,-557.392,-905.395
,,,1,267,Franke,2018-10-11,2,1,GCL3,RR,720575940549707610,"43650.0,35583.0,501.0",720575940563807841,,"43650.0,35583.0,571.0",720575940563807841,36,17,36.7343,Uncertain,30,45,dAC SAD?,AC,,,-558,-935.2,-558.086,-913.496
,,,2,268,Franke,2018-10-11,2,1,GCL3,RR,720575940569767457,"42899.0,37188.0,507.0",720575940578523284,,"42899.0,37188.0,512.0",720575940578523284,37,21,45.3777,On Off,10,14,A17,AC,,,-558,-935.2,-559.12,-939.12
,,,2,269,Franke,2018-10-11,2,1,GCL3,RR,720575940562905165,"41993.0,38939.0,514.0",720575940566769205,,"41993.0,38939.0,544.0",720575940566769205,38,11,23.7693,dAC,29,40,dAC MF,AC,,,-558,-935.2,-560.405,-967.673
,,https://spelunker.cave-explorer.org/#!middleauth+https://global.daf-apis.com/nglstate/api/v1/5369583528574976,3,270,Franke,2018-10-11,2,1,GCL3,RR,720575940557560738,"43261.0,36782.0,502.0",720575940579071128,,"43261.0,36782.0,587.0",720575940579071128,39,18,38.8951,Uncertain,31,45,ON spiny WFAC,AC,,,-558,-935.2,-560.287,-930.953
,,,2,271,Franke,2018-10-11,2,1,GCL3,RR,720575940570115606,"42108.0,39510.0,503.0",720575940573327519,,"42108.0,39510.0,558.0",720575940573327519,40,32,69.1469,dAC,43,71,1ni?,RGC,1ni?,,-558,-935.2,-566.59,-972.639
,,,2,272,Franke,2018-10-11,2,1,GCL3,RR,720575940554560563,"42987.0,37753.0,513.0",720575940572990553,,"42987.0,37753.0,578.0",720575940572990553,41,31,66.9861,On Off,12,22,A1,AC,,,-558,-935.2,-564.591,-945.348
,,,2,273,Franke,2018-10-11,2,1,GCL3,RR,720575940546608072,"43870.0,36306.0,528.0",720575940582596861,,"43870.0,36306.0,553.0",720575940582596861,42,21,45.3777,dAC,17,24,3i or 3o?,RGC,3i or 3o?,,-558,-935.2,-564.93,-919.24
,,,2,274,Franke,2018-10-11,2,1,GCL3,RR,720575940556474327,"43709.0,36779.0,530.0",720575940555962972,,"43709.0,36779.0,565.0",720575940555962972,43,24,51.8602,Uncertain,31,45,dAC SAD,AC,,,-558,-935.2,-566.085,-925.951
,,,1,275,Franke,2018-10-11,2,1,GCL3,RR,720575940555652497,"42497.0,39177.0,467.0",720575940582684669,,"42497.0,39177.0,497.0",720575940582684669,44,18,38.8951,Uncertain,31,43,SAC,AC,,,-558,-935.2,-567.147,-965.171
,,,1,276,Franke,2018-10-11,2,1,GCL3,RR,720575940562304852,"44183.0,35907.0,566.0",720575940569544345,,"44183.0,35907.0,616.0",720575940569544345,45,28,60.5036,Uncertain,31,43,SAC,AC,,,-558,-935.2,-567.135,-910.63
,,,-1,277,Franke,2018-10-11,2,1,GCL3,RR,720575940555111475,"42940.0,38659.0,500.0",720575940555408894,dead cell,"43063.0,38166.0,528.0",720575940555408894,46,26,56.1819,Off,43,1,,,,,-558,-935.2,-571.965,-952.84
,,,2,278,Franke,2018-10-11,2,1,GCL3,RR,720575940554913790,"44153.0,36925.0,492.0",720575940578982745,,"44153.0,36925.0,577.0",720575940578982745,47,13,28.0909,Uncertain,31,45,dAC mid-IPL varicose,AC,,,-558,-935.2,-573.604,-922.536
,,,2,279,Franke,2018-10-11,2,1,GCL3,RR,720575940549819482,"44487.0,36537.0,566.0",720575940576762457,,"44487.0,36537.0,621.0",720575940576762457,48,26,56.1819,On Off,10,14,OFF sus alpha,RGC,1wt,,-558,-935.2,-574.848,-914.846
,,,2,280,Franke,2018-10-11,2,1,GCL3,RR,720575940548994072,"42867.0,39674.0,471.0",720575940569509685,,"42867.0,39674.0,521.0",720575940569509685,49,26,56.1819,On Off,11,16,HD1,RGC,5si,,-558,-935.2,-576.149,-964.656
Jonathan,https://spelunker.cave-explorer.org/#!middleauth+https://global.daf-apis.com/nglstate/api/v1/6743957745696768,,2,281,Franke,2018-10-11,2,1,GCL3,RR,720575940552344291,"44095.0,37374.0,517.0",720575940585576189,,"44095.0,37374.0,552.0",720575940585576189,50,17,36.7343,dAC,46,41,dAC WFAC,AC,,,-558,-935.2,-575.726,-928.715
,,,2,282,Franke,2018-10-11,2,1,GCL3,RR,720575940552349667,"44027.0,37908.0,479.0",720575940571740569,,"44027.0,37908.0,494.0",720575940571740569,51,31,66.9861,On Off,12,17,OS RGC? Extremely oriented,RGC,2i or 1ni?,,-558,-935.2,-578.864,-935.105
,,,2,283,Franke,2018-10-11,2,1,GCL3,RR,720575940567697697,"45282.0,35996.0,561.0",720575940585391613,,"45282.0,35996.0,661.0",720575940585391613,52,109,235.532,Off,5,6,OFF tr. alpha,RGC,4ow,,-558,-935.2,-582.234,-899.084
,,,2,284,Franke,2018-10-11,2,1,GCL3,RR,720575940563322189,"43500.0,39178.0,502.0",720575940577684057,,"43500.0,39178.0,507.0",720575940577684057,53,30,64.8252,On Off,14,70,Fmini ON,RGC,63,,-558,-935.2,-581.275,-954.898
Dominic,https://spelunker.cave-explorer.org/#!middleauth+https://global.daf-apis.com/nglstate/api/v1/5142947147284480,https://spelunker.cave-explorer.org/#!middleauth+https://global.daf-apis.com/nglstate/api/v1/5142947147284480,3,285,Franke,2018-10-11,2,1,GCL3,RR,720575940560823636,"44604.0,37329.0,568.0",720575940576583001,,"44604.0,37329.0,623.0",720575940576583001,54,26,56.1819,Uncertain,31,46,SAC,AC,,,-558,-935.2,-582.255,-921.631
,,,2,286,Franke,2018-10-11,2,1,GCL3,RR,720575940551372098,"43184.0,40192.0,468.0",720575940568326709,,"43184.0,40192.0,483.0",720575940568326709,55,37,79.9511,dAC,30,41,HD1,RGC,5si,,-558,-935.2,-583.427,-969.963
,,,2,287,Franke,2018-10-11,2,1,GCL3,RR,720575940551675202,"44033.0,38635.0,531.0",720575940563119969,,"44033.0,38635.0,541.0",720575940563119969,56,38,82.112,On Off,13,19,ON DS sus,RGC,"7iv,r,d",,-558,-935.2,-584.885,-943.053
,,,2,288,Franke,2018-10-11,2,1,GCL3,RR,720575940561701193,"43503.0,39811.0,480.0",720575940570970521,,"43503.0,39811.0,510.0",720575940570970521,57,13,28.0909,Fast On,17,23,HD2,RGC,5so,,-558,-935.2,-585.59,-961.094
,,,2,289,Franke,2018-10-11,2,1,GCL3,RR,720575940561952585,"44649.0,37955.0,556.0",720575940577872473,,"44649.0,37955.0,621.0",720575940575024633,58,26,56.1819,dAC,43,71,OFFvOS (JAMB),RGC,2aw,,-558,-935.2,-587.286,-929.433
,,,2,290,Franke,2018-10-11,2,1,GCL3,RR,720575940566577694,"45464.0,36867.0,552.0",720575940569572249,,"45464.0,36867.0,577.0",720575940569572249,59,21,45.3777,Off,1,1,5to,RGC,5to,,-558,-935.2,-590.48,-909.09
,,,2,291,Franke,2018-10-11,2,1,GCL3,RR,720575940568637961,"43458.0,41133.0,425.0",720575940573232217,,"43458.0,41133.0,445.0",720575940573232217,60,16,34.5735,Uncertain,31,46,SAC,AC,,,-558,-935.2,-594.015,-975.073
,,,2,292,Franke,2018-10-11,2,1,GCL3,RR,720575940551771543,"43694.0,40614.0,457.0",720575940566976821,,"43694.0,40614.0,477.0",720575940566976821,61,20,43.2168,On Off,17,24,1ni or 1no?,RGC,1ni or 1no,,-558,-935.2,-593.279,-968.275
,,,2,293,Franke,2018-10-11,2,1,GCL3,RR,720575940568770345,"44075.0,39875.0,545.0",720575940584217142,,"44075.0,39875.0,580.0",720575940584217142,62,20,43.2168,dAC,37,57,UHD,RGC,5ti,,-558,-935.2,-594.015,-958.72
,,,1,294,Franke,2018-10-11,2,1,GCL3,RR,720575940568124607,"46285.0,36395.0,502.0",720575940556389725,"Dark cell, oversegmented","46077.0,36135.0,492.0",720575940562444627,63,43,92.9162,On Off,14,41,,RGC,,,-558,-935.2,-597.279,-894.143
,,,2,295,Franke,2018-10-11,2,1,GCL3,RR,720575940556059646,"45936.0,36745.0,542.0",720575940564224309,,"45936.0,36745.0,597.0",720575940564224309,64,16,34.5735,On Off,17,24,Fmini OFF,RGC,2an,,-558,-935.2,-595.668,-902.86
,,https://spelunker.cave-explorer.org/#!middleauth+https://global.daf-apis.com/nglstate/api/v1/5702028627017728,2,296,Franke,2018-10-11,2,1,GCL3,RR,720575940551784087,"44035.0,41084.0,456.0",720575940572387481,,"44035.0,41084.0,461.0",720575940572387481,65,23,49.6993,Uncertain,31,45,A1,AC,,,-558,-935.2,-601.013,-969.84
,,,2,297,Franke,2018-10-11,2,1,GCL3,RR,720575940554714534,"45892.0,37725.0,520.0",720575940585938173,,"45892.0,37725.0,570.0",720575940585938173,66,24,51.8602,Fast On,17,25,ON tr. MeRF,RGC,6sw,,-558,-935.2,-600.752,-913.028
,,https://spelunker.cave-explorer.org/#!middleauth+https://global.daf-apis.com/nglstate/api/v1/5053577333571584,3,298,Franke,2018-10-11,2,1,GCL3,RR,720575940554713254,"46161.0,37132.0,538.0",720575940579892884,,"46161.0,37132.0,613.0",720575940579892884,67,17,36.7343,dAC,35,54,dAC WF mid-IPL,AC,,,-558,-935.2,-601.753,-904.157
,,,1,299,Franke,2018-10-11,2,1,GCL4,RR,720575940557918517,"46372.0,16403.0,1111.0",720575940578275126,,"46372.0,16403.0,1171.0",720575940578275126,1,22,47.5385,dAC,25,35,SAC,AC,,,-489.6,-622.2,-445.701,-649.06
,,,2,300,Franke,2018-10-11,2,1,GCL4,RR,720575940553993901,"46881.0,15305.0,1061.0",720575940577105462,,"46881.0,15305.0,1121.0",720575940577105462,2,17,36.7343,Fast On,17,29,ON tr. SmRF,RGC,6sn,,-489.6,-622.2,-444.204,-632.49
,,,2,301,Franke,2018-10-11,2,1,GCL4,RR,720575940556558833,"46893.0,16081.0,1080.0",720575940559240501,,"46893.0,16081.0,1085.0",720575940559240501,3,76,164.224,Slow On,26,36,ON DS sus,RGC,"7iv,r,d",,-489.6,-622.2,-451.883,-640.246
,,,1,302,Franke,2018-10-11,2,1,GCL4,RR,720575940554089645,"47660.0,14573.0,1116.0",720575940566301310,,"47676.0,14733.0,1177.0",720575940566301310,4,18,38.8951,dAC,25,35,SAC,AC,,,-489.6,-622.2,-446.644,-614.442
,,,1,303,Franke,2018-10-11,2,1,GCL4,RR,720575940554091181,"48155.0,14042.0,1187.0",720575940572109681,,"48155.0,14042.0,1267.0",720575940572109681,5,20,43.2168,Slow On,40,63,SAC,AC,,,-489.6,-622.2,-447.412,-603.458
,,,0,304,Franke,2018-10-11,2,1,GCL4,RR,720575940569291582,"48405.0,13626.0,1223.0",720575940571941745,,"48405.0,13626.0,1233.0",720575940571941745,6,42,90.7553,Uncertain,32,48,,RGC,,,-489.6,-622.2,-448.546,-595.25
,,,0,305,Franke,2018-10-11,2,1,GCL4,RR,720575940559726921,"48363.0,13146.0,1183.0",720575940559152181,,"48539.0,13113.0,1178.0",720575940559152181,7,21,45.3777,dAC,46,75,,RGC,,,-489.6,-622.2,-447.391,-583.911
,,,0,306,Franke,2018-10-11,2,1,GCL4,RR,720575940556811997,"47379.0,15230.0,1072.0",720575940566027161,,"47379.0,15230.0,1097.0",720575940566027161,8,12,25.9301,Slow On,26,36,,RGC,,,-489.6,-622.2,-447.951,-626.732
,,,0,307,Franke,2018-10-11,2,1,GCL4,RR,720575940553775789,"47658.0,14983.0,1075.0",720575940581382966,,"47658.0,14983.0,1090.0",720575940581382966,9,23,49.6993,dAC,43,71,,RGC,,,-489.6,-622.2,-449.719,-620.602
,,,2,308,Franke,2018-10-11,2,1,GCL4,RR,720575940564565598,"48200.0,14577.0,1101.0",720575940565816893,,"48200.0,14577.0,1116.0",720575940565816893,10,31,66.9861,On Off,26,36,OODS,RGC,"37r,v,c",,-489.6,-622.2,-454.083,-609.255
,,,0,309,Franke,2018-10-11,2,1,GCL4,RR,720575940572259271,"46531.0,17546.0,1014.0",720575940566618941,,"46531.0,17546.0,1029.0",720575940566618941,11,32,69.1469,dAC,38,59,,RGC,,,-489.6,-622.2,-455.699,-660.098
,,,0,310,Franke,2018-10-11,2,1,GCL4,RR,720575940556810717,"47623.0,15729.0,1074.0",720575940577493245,,"47623.0,15729.0,1119.0",720575940577493245,12,29,62.6644,Uncertain,32,48,Fmini ON probably,RGC,63,,-489.6,-622.2,-455.537,-630.158
,,,1,311,Franke,2018-10-11,2,1,GCL4,RR,720575940572054983,"46921.0,17020.0,1034.0",720575940558385205,,"46921.0,17020.0,1099.0",720575940558385205,13,33,71.3078,dAC,37,57,dAC SAD,AC,,,-489.6,-622.2,-457.349,-650.709
,,,0,312,Franke,2018-10-11,2,1,GCL4,RR,720575940558022965,"49020.0,13774.0,1264.0",720575940566122045,,"49020.0,13774.0,1299.0",720575940566122045,14,34,73.4686,Uncertain,33,50,,RGC,,,-489.6,-622.2,-456.828,-590.984
,,,2,313,Franke,2018-10-11,2,1,GCL4,RR,720575940552103436,"49529.0,13172.0,1240.0",720575940558541621,,"49529.0,13172.0,1290.0",720575940558541621,15,28,60.5036,dAC,45,73,HD1,RGC,5si,,-489.6,-622.2,-457.208,-580.778
,,https://spelunker.cave-explorer.org/#!middleauth+https://global.daf-apis.com/nglstate/api/v1/6755339140595712,3,314,Franke,2018-10-11,2,1,GCL4,RR,720575940554094253,"48803.0,14433.0,1207.0",720575940557403997,,"48803.0,14433.0,1247.0",720575940557403997,16,33,71.3078,dAC,38,65,,AC,,,-489.6,-622.2,-459.978,-601.264
,,,0,315,Franke,2018-10-11,2,1,GCL4,RR,720575940556813277,"48321.0,15238.0,1088.0",720575940571094385,,"48321.0,15238.0,1113.0",720575940571094385,17,27,58.3427,Uncertain,31,50,,RGC,,,-489.6,-622.2,-459.765,-615.558
,,,2,316,Franke,2018-10-11,2,1,GCL4,RR,720575940564635998,"48203.0,15872.0,1063.0",720575940576346166,,"48316.0,15911.0,1061.0",720575940576346166,18,10,21.6084,dAC,42,65,gbx2 s5 (CRH2),AC,,,-489.6,-622.2,-462.993,-624.405
,,,0,317,Franke,2018-10-11,2,1,GCL4,RR,720575940566853181,"48028.0,16300.0,1039.0",720575940576324406,,"48028.0,16300.0,1089.0",720575940576324406,19,36,77.7903,dAC,29,40,maybe OODS,RGC,,,-489.6,-622.2,-465.141,-632.408
,,https://spelunker.cave-explorer.org/#!middleauth+https://global.daf-apis.com/nglstate/api/v1/5202371643703296,3,318,Franke,2018-10-11,2,1,GCL4,RR,720575940564780605,"48854.0,15267.0,1168.0",720575940560625213,,"48854.0,15267.0,1183.0",720575940560625213,20,48,103.72,Uncertain,32,48,PixON?,RGC,PixON,,-489.6,-622.2,-468.377,-607.561
Nadine,,,1,319,Franke,2018-10-11,2,1,GCL4,RR,720575940548039242,"47054.0,18313.0,984.0",720575940565930045,,"47054.0,18313.0,1009.0",720575940565930045,21,22,47.5385,dAC,37,57,OFF tr SmRF? HD1?,RGC,,,-489.6,-622.2,-468.753,-662.224
,,,0,320,Franke,2018-10-11,2,1,GCL4,RR,720575940572267719,"47395.0,17422.0,1025.0",720575940576652854,,"47395.0,17422.0,1030.0",720575940576652854,22,28,60.5036,Slow On,26,36,,RGC,,,-489.6,-622.2,-465.818,-650.287
,,,1,321,Franke,2018-10-11,2,1,GCL4,RR,720575940564489822,"48457.0,15728.0,1071.0",720575940562144153,,"48457.0,15728.0,1141.0",720575940562144153,23,19,41.056,dAC,17,71,SAC,AC,,,-489.6,-622.2,-466.312,-619.26
,,,0,322,Franke,2018-10-11,2,1,GCL4,RR,720575940567724063,"49721.0,14105.0,1200.0",720575940577495549,,"49721.0,14105.0,1245.0",720575940575783598,24,34,73.4686,dAC,41,65,A1,AC,,,-489.6,-622.2,-467.248,-587.612
,,,0,323,Franke,2018-10-11,2,1,GCL4,RR,720575940548770122,"47830.0,17016.0,1060.0",720575940567809945,,"47830.0,17016.0,1150.0",720575940575783342,25,24,51.8602,On Off,12,17,,AC,,,-489.6,-622.2,-468.408,-642.351
,,,0,324,Franke,2018-10-11,2,1,GCL4,RR,720575940572434631,"47422.0,17957.0,976.0",720575940563292725,,"47422.0,17957.0,986.0",720575940563292725,26,21,45.3777,Slow On,28,39,ON delayed,RGC,73,,-489.6,-622.2,-470.49,-656.289
,,,0,325,Franke,2018-10-11,2,1,GCL4,RR,720575940567723807,"49563.0,14505.0,1181.0",720575940579006461,,"49563.0,14505.0,1266.0",720575940558030727,27,25,54.021,Slow On,22,31,,AC,,,-489.6,-622.2,-470.138,-595.446
,,,2,326,Franke,2018-10-11,2,1,GCL4,RR,720575940564660797,"48695.0,16254.0,1114.0",720575940574328665,,"48695.0,16254.0,1159.0",720575940561076618,28,20,43.2168,Slow On,23,33,,AC,,,-489.6,-622.2,-473.357,-623.082
,,,2,327,Franke,2018-10-11,2,1,GCL4,RR,720575940531612083,"48542.0,16671.0,1122.0",720575940560497981,,"48542.0,16671.0,1187.0",720575940567199926,29,21,45.3777,Slow On,40,63,SAC,AC,,,-489.6,-622.2,-474.34,-630.04
,,,1,328,Franke,2018-10-11,2,1,GCL4,RR,720575940554861467,"50398.0,13931.0,1258.0",720575940565958717,,"50398.0,13931.0,1318.0",720575940568254286,30,26,56.1819,Slow On,40,63,SAC,AC,,,-489.6,-622.2,-474.731,-580.023
,,,2,329,Franke,2018-10-11,2,1,GCL4,RR,720575940548990794,"48381.0,17093.0,1118.0",720575940560654397,,"48381.0,17093.0,1153.0",720575940560510414,31,32,69.1469,dAC,42,67,UHD,RGC,5ti,,-489.6,-622.2,-477.473,-636.624
,,,0,330,Franke,2018-10-11,2,1,GCL4,RR,720575940564660541,"49041.0,15905.0,1117.0",720575940577674550,,"49041.0,15905.0,1147.0",720575940577674550,32,47,101.56,dAC,40,62,,RGC,,,-489.6,-622.2,-476.996,-613.63
,,,2,331,Franke,2018-10-11,2,1,GCL4,RR,720575940572438215,"48177.0,17714.0,1036.0",720575940577658166,,"48177.0,17714.0,1056.0",720575940577658166,33,32,69.1469,Fast On,27,37,ON alpha,RGC,8w,,-489.6,-622.2,-477.565,-645.628
,,,0,332,Franke,2018-10-11,2,1,GCL4,RR,720575940548731722,"47949.0,18121.0,977.0",720575940571074673,,"47949.0,18121.0,1012.0",720575940571074673,34,24,51.8602,Uncertain,31,46,JamB,RGC,2aw,,-489.6,-622.2,-478.514,-654.478
,,,0,333,Franke,2018-10-11,2,1,GCL4,RR,720575940555686293,"50304.0,14568.0,1209.0",720575940578332470,,"50304.0,14568.0,1294.0",720575940578332470,35,59,127.49,On Off,43,71,,RGC,,,-489.6,-622.2,-481.378,-588.391
,,,0,334,Franke,2018-10-11,2,1,GCL4,RR,720575940561358367,"49851.0,15287.0,1137.0",720575940566401853,,"49851.0,15287.0,1192.0",720575940566401853,36,33,71.3078,dAC,42,65,M1,RGC,1ws,,-489.6,-622.2,-480.29,-600.239
,,,0,335,Franke,2018-10-11,2,1,GCL4,RR,720575940549086282,"48059.0,18784.0,974.0",720575940565245025,,"48059.0,18784.0,1009.0",720575940559468379,37,20,43.2168,Uncertain,31,45,,RGC,,,-489.6,-622.2,-484.088,-659.831
,,,2,336,Franke,2018-10-11,2,1,GCL4,RR,720575940574681654,"49445.0,16452.0,1150.0",720575940557420892,,"49445.0,16452.0,1210.0",720575940561654957,38,22,47.5385,dAC,42,65,,AC,,,-489.6,-622.2,-483.987,-618.726
,,,0,337,Franke,2018-10-11,2,1,GCL4,RR,720575940555689621,"51073.0,14350.0,1201.0",720575940572161137,,"51073.0,14350.0,1216.0",720575940557067618,39,26,56.1819,dAC,43,71,Fmini OFF,RGC,2an,,-489.6,-622.2,-486.66,-578.836
,,,2,338,Franke,2018-10-11,2,1,GCL4,RR,720575940566686078,"49002.0,17725.0,1050.0",720575940577723958,,"49002.0,17725.0,1080.0",720575940562761935,40,40,86.4336,Slow On,23,33,ON transient MeRF,RGC,6sw,,-489.6,-622.2,-488.351,-637.451
,,,2,339,Franke,2018-10-11,2,1,GCL4,RR,720575940572673479,"48401.0,18527.0,994.0",720575940563171993,,"48401.0,18527.0,1059.0",720575940568236144,41,10,21.6084,On Off,13,19,,AC,,,-489.6,-622.2,-487.101,-653.364
,,,1,340,Franke,2018-10-11,2,1,GCL4,RR,720575940558011057,"48672.0,18230.0,1038.0",720575940558949941,,"48672.0,18230.0,1108.0",720575940569716801,42,23,49.6993,On Off,14,20,,AC,,,-489.6,-622.2,-488.322,-646.934
,,,2,341,Franke,2018-10-11,2,1,GCL4,RR,720575940529212248,"49648.0,16993.0,1111.0",720575940566323261,,"49648.0,16993.0,1126.0",720575940557067106,43,36,77.7903,Slow On,45,73,UHD,RGC,5ti,,-489.6,-622.2,-489.437,-623.384
,,,2,342,Franke,2018-10-11,2,1,GCL4,RR,720575940562875189,"50014.0,16189.0,1143.0",720575940565963069,,"50014.0,16189.0,1228.0",720575940555528002,44,34,73.4686,dAC,43,71,HD1,RGC,5so,,-489.6,-622.2,-488.995,-610.094
,,,1,343,Franke,2018-10-11,2,1,GCL4,RR,720575940561495071,"50306.0,15738.0,1153.0",720575940557259101,,"50306.0,15738.0,1158.0",720575940573471792,45,17,36.7343,dAC,38,58,,AC,,,-489.6,-622.2,-489.427,-600.842
,,,0,344,Franke,2018-10-11,2,1,GCL4,RR,720575940558035121,"48233.0,19424.0,960.0",720575940576655158,,"48233.0,19424.0,1020.0",720575940556980750,46,9,19.4476,dAC,44,72,OODS,RGC,"37r,v,c",,-489.6,-622.2,-491.56,-662.869
,,,0,345,Franke,2018-10-11,2,1,GCL4,RR,720575940551443458,"50719.0,15363.0,1158.0",720575940559110709,,"50719.0,15363.0,1203.0",720575940558451245,47,19,41.056,Slow On,40,63,SAC,AC,,,-489.6,-622.2,-491.302,-593.497
,,,2,346,Franke,2018-10-11,2,1,GCL4,RR,720575940562362812,"48590.0,19028.0,961.0",720575940558510645,,"48590.0,19028.0,991.0",720575940564304605,48,16,34.5735,dAC,42,68,SAC,AC,,,-489.6,-622.2,-493.275,-658.214
,,,0,347,Franke,2018-10-11,2,1,GCL4,RR,720575940569143153,"51144.0,14941.0,1166.0",720575940561068960,,"51144.0,14941.0,1241.0",720575940561068960,49,28,60.5036,dAC,43,71,,RGC,,,-489.6,-622.2,-493.17,-584.505
,,,2,348,Franke,2018-10-11,2,1,GCL4,RR,720575940569153461,"49541.0,17740.0,1074.0",720575940552360540,,"49541.0,17740.0,1114.0",720575940560509646,50,29,62.6644,dAC,42,70,,AC,,,-489.6,-622.2,-495.429,-632.338
,https://spelunker.cave-explorer.org/#!middleauth+https://global.daf-apis.com/nglstate/api/v1/6221302974119936,,2,349,Franke,2018-10-11,2,1,GCL4,RR,720575940568328953,"48843.0,18779.0,986.0",720575940569906009,,"48843.0,18779.0,1006.0",720575940564360948,51,12,25.9301,Uncertain,32,2,,AC,,,-489.6,-622.2,-495.602,-652.947
,,,1,350,Franke,2018-10-11,2,1,GCL4,RR,720575940566695806,"49035.0,18574.0,995.0",720575940577788312,,"49035.0,18574.0,1090.0",720575940569580313,52,12,25.9301,Slow On,23,33,dAC A1-like,AC,,,-489.6,-622.2,-496.46,-647.925
,,,2,351,Franke,2018-10-11,2,1,GCL4,RR,720575940566697086,"49267.0,18280.0,1068.0",720575940572184177,,"49267.0,18280.0,1128.0",720575940572184177,53,13,28.0909,Slow On,40,32,,AC,,,-489.6,-622.2,-497.176,-642.101
,,,0,352,Franke,2018-10-11,2,1,GCL4,RR,720575940563769141,"50308.0,16716.0,1108.0",720575940576415542,,"50308.0,16716.0,1153.0",720575940576415542,54,29,62.6644,Slow On,28,38,,RGC,,,-489.6,-622.2,-498.673,-613.583
,,,0,353,Franke,2018-10-11,2,1,GCL4,RR,720575940581964854,"50560.0,16227.0,1125.0",720575940565563453,,"50560.0,16227.0,1150.0",720575940557219452,55,32,69.1469,dAC,42,67,,RGC,,,-489.6,-622.2,-497.685,-605.157
,,,2,354,Franke,2018-10-11,2,1,GCL4,RR,720575940574770685,"50126.0,17313.0,1093.0",720575940566008381,,"50126.0,17313.0,1113.0",720575940555922794,56,42,90.7553,Off,4,5,HD2,RGC,5si,,-489.6,-622.2,-499.925,-622.13
,,,2,355,Franke,2018-10-11,2,1,GCL4,RR,720575940549707064,"50919.0,15976.0,1127.0",720575940577357110,,"50919.0,15976.0,1197.0",720575940577636393,57,20,43.2168,dAC,25,35,Fmini OFF,RGC,2an,,-489.6,-622.2,-498.934,-596.843
,,,2,356,Franke,2018-10-11,2,1,GCL4,RR,720575940568333817,"48756.0,19510.0,957.0",720575940556325469,,"48756.0,19510.0,1052.0",720575940569664521,58,8,17.2867,dAC,37,57,dAC WFAC,AC,,,-489.6,-622.2,-499.155,-662.073
,,,2,357,Franke,2018-10-11,2,1,GCL4,RR,720575940569145457,"51244.0,15381.0,1151.0",720575940565260385,,"51244.0,15381.0,1226.0",720575940563290864,59,13,28.0909,dAC,42,70,MFAC,AC,,,-489.6,-622.2,-499.324,-588.051
,,,0,358,Franke,2018-10-11,2,1,GCL4,RR,720575940574002429,"49499.0,18768.0,1046.0",720575940566370877,,"49499.0,18768.0,1121.0",720575940566370877,60,24,51.8602,On Off,14,20,,RGC,,,-489.6,-622.2,-504.422,-646.761
,,,0,359,Franke,2018-10-11,2,1,GCL4,RR,720575940560741700,"49945.0,18334.0,1068.0",720575940565251681,,"49945.0,18334.0,1083.0",720575940567253745,61,44,95.077,Uncertain,31,46,OFFvOS JAMB,RGC,2aw,,-489.6,-622.2,-505.603,-635.998
,,,2,360,Franke,2018-10-11,2,1,GCL4,RR,720575940566717822,"49109.0,19445.0,993.0",720575940555425885,,"49109.0,19445.0,1048.0",720575940562444883,62,24,51.8602,dAC,12,68,A1,AC,,,-489.6,-622.2,-503.871,-657.908
,,,1,361,Franke,2018-10-11,2,1,GCL4,RR,720575940563695284,"50306.0,17988.0,1118.0",720575940559145781,,"50306.0,17988.0,1183.0",720575940559145781,63,26,56.1819,Slow On,25,35,SAC,AC,,,-489.6,-622.2,-507.522,-627.006
,,,2,362,Franke,2018-10-11,2,1,GCL4,RR,720575940574408957,"51164.0,16794.0,1054.0",720575940565495613,,"51164.0,16794.0,1129.0",720575940553485705,64,23,49.6993,Slow On,23,63,SAC,AC,,,-489.6,-622.2,-508.007,-605.519
,,,2,363,Franke,2018-10-11,2,1,GCL4,RR,720575940540844928,"51902.0,15707.0,1181.0",720575940563629621,,"51902.0,15707.0,1226.0",720575940561818031,65,36,77.7903,dAC,35,54,ON tr. SmRF or 6t,RGC,6sn and 6t,,-489.6,-622.2,-509.159,-583.858
,,,2,364,Franke,2018-10-11,2,1,GCL4,RR,720575940581422902,"49358.0,19632.0,923.0",720575940578270006,,"49528.0,19425.0,901.0",720575940581250568,66,21,45.3777,Off,3,3,HD2,RGC,5so,,-489.6,-622.2,-510.11,-655.799
,,,2,365,Franke,2018-10-11,2,1,GCL4,RR,720575940574194941,"50978.0,17293.0,1021.0",720575940566253373,,"50640.0,17495.0,1021.0",720575940551590130,67,29,62.6644,On Off,11,16,HD1,RGC,5si,,-489.6,-622.2,-511.447,-613.684
,,,2,366,Franke,2018-10-11,2,1,GCL4,RR,720575940574048369,"51730.0,16134.0,1145.0",720575940565524541,,"51704.0,16341.0,1172.0",720575940572078695,68,14,30.2518,dAC,46,74,MFAC,AC,,,-489.6,-622.2,-510.915,-591.75
,,,0,367,Franke,2018-10-11,2,1,GCL4,RR,720575940560558660,"50636.0,18540.0,1039.0",720575940566392446,,"50636.0,18540.0,1119.0",720575940566392446,69,33,71.3078,On Off,11,15,,RGC,,,-489.6,-622.2,-516.906,-631.465
,,,0,368,Franke,2018-10-11,2,1,GCL4,RR,720575940560883524,"51027.0,18199.0,1043.0",720575940565539389,"Merger, therefore same OLD IDs (01)","51092.0,17950.0,1008.0",720575940566436614,70,35,75.6294,On Off,11,16,,RGC,,,-489.6,-622.2,-517.992,-621.528
,,,2,369,Franke,2018-10-11,2,1,GCL4,RR,720575940574477565,"49552.0,20182.0,1004.0",720575940572492440,,"49470.0,20091.0,1021.0",720575940579734617,71,20,43.2168,Off,43,71,MFAC,AC,,,-489.6,-622.2,-517.75,-661.081
,,,2,370,Franke,2018-10-11,2,1,GCL4,RR,720575940562905653,"52408.0,16643.0,1120.0",720575940564734269,,"52204.0,16756.0,1153.0",720575940563290352,72,93,200.958,Slow On,24,34,ON alpha?,RGC,8w,,-489.6,-622.2,-523.014,-588.975
,,,2,371,Franke,2018-10-11,2,1,GCL4,RR,720575940561168196,"50714.0,19500.0,1004.0",720575940565257057,,"50764.0,19493.0,1055.0",720575940570741708,73,27,58.3427,dAC,40,63,SAC,AC,,,-489.6,-622.2,-524.607,-642.181
,,,2,372,Franke,2018-10-11,2,1,GCL4,RR,720575940561165380,"51103.0,19039.0,1006.0",720575940565953597,,"51103.0,19039.0,1066.0",720575940565953597,74,39,84.2728,dAC,42,67,UHD,RGC,5ti,,-489.6,-622.2,-527.066,-631.887
,https://spelunker.cave-explorer.org/#!middleauth+https://global.daf-apis.com/nglstate/api/v1/5658824594685952,,2,373,Franke,2018-10-11,2,1,GCL4,RR,720575940574234109,"52244.0,17402.0,1079.0",720575940572294745,Same cell? (03),"52244.0,17402.0,1104.0",720575940572294745,75,23,49.6993,Slow On,23,33,WFAC,AC,,,-489.6,-622.2,-526.541,-602.771
,,,0,374,Franke,2018-10-11,2,1,GCL4,RR,720575940560809284,"52060.0,18272.0,1086.0",720575940564857149,,"52060.0,18272.0,1136.0",720575940573476400,76,38,82.112,dAC,22,31,RGC,RGC,,,-489.6,-622.2,-532.036,-612.568
,,,-1,375,Franke,2018-10-11,2,1,GCL4,RR,720575940574234109,"52244.0,17402.0,1079.0",720575940572294745,Same cell? (03),"52244.0,17402.0,1104.0",720575940572294745,77,12,25.9301,dAC,38,60,,,,,-489.6,-622.2,-530.024,-597.945
Dominic,https://spelunker.cave-explorer.org/#!middleauth+https://global.daf-apis.com/nglstate/api/v1/4610997814820864,https://spelunker.cave-explorer.org/#!middleauth+https://global.daf-apis.com/nglstate/api/v1/4610997814820864,3,376,Franke,2018-10-11,2,1,GCL4,RR,720575940561170244,"50905.0,20131.0,990.0",720575940559133557,,"50833.0,20177.0,1011.0",720575940559133557,78,17,36.7343,Uncertain,31,46,,AC,,,-489.6,-622.2,-532.402,-647.795
,,,2,377,Franke,2018-10-11,2,1,GCL4,RR,720575940569448885,"51663.0,18855.0,1068.0",720575940566065534,,"51650.0,18886.0,1098.0",720575940570741452,79,9,19.4476,Slow On,23,33,MFAC,AC,,,-489.6,-622.2,-530.759,-622.2
,,,1,378,Franke,2018-10-11,2,1,GCL4,RR,720575940561162052,"51146.0,19735.0,1003.0",720575940564308445,,"51229.0,19465.0,983.0",720575940553485193,80,14,30.2518,dAC,38,59,WFAC,AC,,,-489.6,-622.2,-532.754,-640.89
,,,2,379,Franke,2018-10-11,2,1,GCL4,RR,720575940569319349,"51502.0,19497.0,965.0",720575940559009845,,"51431.0,19511.0,994.0",720575940563600486,81,14,30.2518,Slow On,23,33,PixON,RGC,9n,,-489.6,-622.2,-534.434,-632.49
,,,,,,,,,,,,,,,,,,,,,,,,,,,,,,
,,,,,,,,,,,,,,,,,,,,,,,# RGCs,222,,,,,,
,,,,,,,,,,,,,,,,,,,,,,,# ACs,155,,,,,,
,,,,SACs colored link:,https://spelunker.cave-explorer.org/#!middleauth+https://global.daf-apis.com/nglstate/api/v1/5391023921430528,,,,,,,,,,,,,,,,,,,,,,,,,
,,,,,,,,,,,,,,,,,,,,,,,,,,,,,,
,,,,,,,,,,,,,,,,,,,,,,,,,,,,,,
,,,,Key,,,,,,,,,,,,,,,,,,,RGCs by type,EW1 name,N,,,,,
,,,3,Proofread with annotations,"If it has link, all the ends have been marked",,,,,,,,,,,,,,,,,,ON alpha,8w,7,,,,,
,,,2,Proofread - first pass,,,,,,,,,,,,,,,,,,,ON DS sus,7i* (3),10,,,,,
,,,1,Not noroofread or partially proofread,,,,,,,,,,,,,,,,,,,OODS,37* (4),14,,,,,
,,,0,Neurites substantially cut off,,,,,,,,,,,,,,,,,,,UHD,5ti,14,,,,,
,,,-1,Duplicate or dead cell,,,,,,,,,,,,,,,,,,,HD2,5so,5,,,,,
,,,,,,,,,,,,,,,,,,,,,,,,5to,2,,,,,
,,,,,,,,,,,,,,,,,,,,,,,ON OS,82*,7,,,,,
,,,,,,,,,,,,,,,,,,,,,,,,25,2,,,,,
,,,,,,,,,,,,,,,,,,,,,,,ON tr. SmRF,6sn,6,,,,,
,,,,,,,,,,,,,,,,,,,,,,,ON tr. MeRF,6sw,4,,,,,
,,,,,,,,,,,,,,,,,,,,,,,OFF tr. SmRF,4i,7,,,,,
,,,,,,,,,,,,,,,,,,,,,,,OFF tr. MeRF,4on,3,,,,,
,,,,,,,,,,,,,,,,,,,,,,,OFF tr. alpha,4ow,6,,,,,
,,,,,,,,,,,,,,,,,,,,,,,sSbC,27,1,,,,,
,,,,,,,,,,,,,,,,,,,,,,,ON OS,72,2,,,,,
,,,,,,,,,,,,,,,,,,,,,,,ON delayed,73,5,,,,,
,,,,,,,,,,,,,,,,,,,,,,,Fmini OFF,2an,13,,,,,
,,,,,,,,,,,,,,,,,,,,,,,OFFvOS (JAMB),2aw,13,,,,,
,,,,,,,,,,,,,,,,,,,,,,,Fmini ON,63,8,,,,,
,,,,,,,,,,,,,,,,,,,,,,,HD1,5si,10,,,,,
,,,,,,,,,,,,,,,,,,,,,,,M1,1ws,2,,,,,
,,,,,,,,,,,,,,,,,,,,,,,OFF sus. alpha,1wt,2,,,,,
,,,,,,,,,,,,,,,,,,,,,,,PixON,9n,9,,,,,
,,,,,,,,,,,,,,,,,,,,,,,M6,91,2,,,,,
,,,,,,,,,,,,,,,,,,,,,,,,1ni,6,,,,,
,,,,,,,,,,,,,,,,,,,,,,,,1no,3,,,,,
,,,,,,,,,,,,,,,,,,,,,,,,2i,12,,,,,
,,,,,,,,,,,,,,,,,,,,,,,,2o,7,,,,,
,,,,,,,,,,,,,,,,,,,,,,,,3i,4,,,,,
,,,,,,,,,,,,,,,,,,,,,,,,3o,4,,,,,