Start link: ,https://spelunker.cave-explorer.org/#!middleauth+https://global.daf-apis.com/nglstate/api/v1/6441655398825984,,,Total Tasks:,380,WIP:,54,,,,,,,,,
,,,,Tasks Completed:,30,Need Help:,1,,,,,,,,,
,,,,Tasks Remaining:,0,,,,,,,,,,,
Nuc Coords,Nuc ID,Soma Coords,OG Segment ID (Soma),"Segment ID (Soma, last update 202504110923)",Cell Type,EyeWire1 type (for RGCs),Proofreader,Date Started,Temp Link,Status,Date Completed,Final Link,Final SegID,CA Imaged,Cell Class,Notes
"32653.0,23923.0,553.0",720575940577751704,"32653.0,23923.0,583.0",720575940573597592,720575940551416435,OODS,"37r,v,c",Greg,,,Complete,,https://spelunker.cave-explorer.org/#!middleauth+https://global.daf-apis.com/nglstate/api/v1/6345877695234048,720575940577635688,yes,RGC,
"33159.0,22959.0,606.0",720575940534317101,"33159.0,22959.0,661.0",720575940572538008,720575940559683612,OODS - V - HB9,37d,Jonathan,16.04.2025,https://spelunker.cave-explorer.org/#!middleauth+https://global.daf-apis.com/nglstate/api/v1/5340834812657664,First pass,,,,yes,RGC,
"33787.0,21853.0,597.0",720575940554891618,"33787.0,21853.0,677.0",720575940551284060,720575940579479153,SAC,,,,,First pass,,,,yes,AC,
"34131.0,21306.0,627.0",720575940554657378,"34131.0,21306.0,657.0",720575940577801624,720575940550602560,A1,,,,,Neurites cut off,,,,yes,AC,
"34753.0,20187.0,669.0",720575940571117757,"34753.0,20187.0,684.0",720575940556059228,720575940575575823,ON delayed,73,Greg,,,Complete,,https://spelunker.cave-explorer.org/#!middleauth+https://global.daf-apis.com/nglstate/api/v1/6585570827436032,720575940555374824,yes,RGC,
"33757.0,22478.0,558.0",720575940562610790,"33757.0,22478.0,608.0",720575940556187228,720575940556187228,,2aw?,,,,First pass,,,,yes,RGC,
"34769.0,21233.0,628.0",720575940562643558,"34769.0,21233.0,678.0",720575940553874269,720575940553874269,OFF,2i or 1ni?,,,,First pass,,,,yes,RGC,
"35359.0,20040.0,704.0",720575940555227789,"35359.0,20040.0,739.0",720575940562140313,720575940562140313,ON DS sus?,"7iv,r,d",,,,First pass,,,,yes,RGC,
"35922.0,19429.0,736.0",720575940552583180,"35922.0,19429.0,811.0",720575940558841948,720575940553129766,ON tr. MeRF,6sw,,,,First pass,,,,yes,RGC,"Same cell, Ca field overlap! (01)"
"33441.0,23770.0,537.0",720575940562919113,"33441.0,23770.0,572.0",720575940579273368,720575940550365861,,3o?,,,,First pass,,,,yes,RGC,Same cell? (01)
"34155.0,21713.0,539.0",720575940554018442,"34155.0,21713.0,614.0",720575940552133724,720575940560547278,MFAC CRH-2 (GBX2 - S5),,Greg,,,Complete,,https://spelunker.cave-explorer.org/#!middleauth+https://global.daf-apis.com/nglstate/api/v1/6205510446481408,720575940587194365,yes,AC,
"33441.0,23770.0,537.0",720575940562919113,"33352.0,23818.0,628.0",720575940579273368,720575940550365861,,3i or 2i?,,,,First pass,,,,yes,RGC,Same cell? (01)
"33940.0,23022.0,562.0",720575940549337669,"33940.0,23022.0,632.0",720575940551349340,720575940555602330,SAC,,,,,First pass,,,,yes,AC,
"34529.0,22225.0,556.0",720575940573137160,"34529.0,22225.0,651.0",720575940572507544,720575940560972505,PixON,9n,,,,First pass,,,,yes,RGC,
"35300.0,20508.0,674.0",720575940574202309,"35300.0,20508.0,699.0",720575940567038269,720575940560972761,OFF vOS (JamB),2aw,,,,Neurites cut off,,,,yes,RGC,
"33229.0,24415.0,498.0",720575940563998594,"33229.0,24415.0,503.0",720575940573611416,720575940581289415,A1,,Greg,,,Complete,,https://spelunker.cave-explorer.org/#!middleauth+https://global.daf-apis.com/nglstate/api/v1/6056611194863616,720575940557084120,yes,AC,
"34268.0,22688.0,508.0",720575940573136904,"34268.0,22688.0,528.0",720575940563822177,720575940563849127,OFF vOS (JamB),2aw,,,,First pass,,,,yes,RGC,
"34793.0,21772.0,590.0",720575940562146387,"34793.0,21772.0,660.0",720575940556798557,720575940585018134,WFAC,,Greg,,,Complete,,https://spelunker.cave-explorer.org/#!middleauth+https://global.daf-apis.com/nglstate/api/v1/6022744572428288,720575940585018134,yes,AC,Maybe WF ON non-spiny sparse?
"35387.0,21656.0,612.0",720575940563004369,"35387.0,21656.0,622.0",720575940572503704,720575940569665033,ON OS,72?,,,,First pass,,,,yes,RGC,
"35439.0,20865.0,656.0",720575940538748672,"35439.0,20865.0,716.0",720575940562333849,720575940562333849,Fmini ON,63,,,,First pass,,,,yes,RGC,
"36037.0,20199.0,754.0",720575940552618508,"36214.0,20171.0,853.0",720575940558828892,720575940576343829,OFF tr. MeRF?,4on?,,,,First pass,,,,yes,RGC,"Same cell, Ca field overlap! (02)"
"33645.0,24480.0,456.0",720575940579434707,"33645.0,24480.0,491.0",720575940572992408,720575940556981518,SAC,,,,,First pass,,,,yes,AC,
"34910.0,23327.0,512.0",720575940562795366,"34910.0,23327.0,517.0",720575940559263836,720575940559263836,OFF tr. alpha,4ow,,,,First pass,,,,yes,RGC,
"34980.0,22132.0,541.0",720575940562142291,"34980.0,22132.0,591.0",720575940562105497,720575940556981774,SAC,,,,,First pass,,,,yes,AC,
"36215.0,20750.0,730.0",720575940573173949,"36215.0,20750.0,770.0",720575940557487965,720575940557487965,OFF tr. SmRF,4i?,,,,First pass,,,,yes,RGC,
"34120.0,24441.0,500.0",720575940579433683,"34120.0,24441.0,565.0",720575940553728349,720575940565136233,HD1,5si,,,,First pass,,,,yes,RGC,
"34333.0,23947.0,562.0",720575940555129442,"34333.0,23947.0,627.0",720575940557540445,720575940559255173,,,Simone,,,Complete,,https://spelunker.cave-explorer.org/#!middleauth+https://global.daf-apis.com/nglstate/api/v1/5516093234872320,720575940559255173,yes,AC,
"35613.0,22487.0,602.0",720575940556560257,"35613.0,22487.0,632.0",720575940557873245,720575940582939259,ON OS,"82n, 82wi, or 82wo",Simone,,,First pass,,https://spelunker.cave-explorer.org/#!middleauth+https://global.daf-apis.com/nglstate/api/v1/6401322317250560,720575940582939259,yes,RGC,
"36139.0,21242.0,684.0",720575940563514313,"36139.0,21242.0,744.0",720575940572458904,720575940563286071,A1,,Simone,,,First pass,,,,yes,AC,
"34034.0,24921.0,451.0",720575940564724866,"34034.0,24921.0,501.0",720575940577072893,720575940556893791,A1,,Jan (2days),,https://spelunker.cave-explorer.org/#!middleauth+https://global.daf-apis.com/nglstate/api/v1/5930894415101952,WIP,,,,yes,AC,
"36884.0,20356.0,722.0",720575940574221509,"36884.0,20356.0,727.0",720575940556297053,720575940566406645,PixON,9n,,,,First pass,,,,yes,RGC,"Same cell, Ca field overlap! (03)"
"34613.0,24287.0,477.0",720575940554290846,"34475.0,24319.0,578.0",720575940572997016,720575940569717313,On tr. SmRF,6sn,,,,WIP,,,,yes,RGC,
"34560.0,24856.0,448.0",720575940579429741,"34560.0,24856.0,503.0",720575940573000344,720575940554870978,SAD?,,Julia,4/14/2025,https://spelunker.cave-explorer.org/#!middleauth+https://global.daf-apis.com/nglstate/api/v1/4555576278253568,Complete,,https://spelunker.cave-explorer.org/#!middleauth+https://global.daf-apis.com/nglstate/api/v1/6207628150571008,720575940583636435,yes,AC,
"35152.0,24120.0,485.0",720575940556338354,"35152.0,24120.0,570.0",720575940551241564,720575940582736507,OFF sus EW1no,1no,,,,First pass,,,,yes,RGC,
"36613.0,22004.0,649.0",720575940573177797,"36613.0,22004.0,674.0",720575940577583613,720575940554271002,ON DS sus,"7iv,r,d",,,,First pass,,,,yes,RGC,
"36724.0,21270.0,668.0",720575940572981949,"36724.0,21270.0,743.0",720575940572875928,720575940557062616,SAC,,,,,First pass,,,,yes,AC,
"35347.0,23858.0,550.0",720575940564979397,"35347.0,23858.0,625.0",720575940577285272,720575940566465013,WFAC,,Greg,,,Complete,,https://spelunker.cave-explorer.org/#!middleauth+https://global.daf-apis.com/nglstate/api/v1/6046318037303296,720575940570756044,yes,AC,WF ON non-spiny dense?
"35782.0,23083.0,585.0",720575940563789513,"35782.0,23083.0,600.0",720575940553771357,720575940582703739,5to,5to,,,,First pass,,,,yes,RGC,
"37333.0,20997.0,702.0",720575940555393530,"37333.0,20997.0,752.0",720575940553930589,720575940569666057,OODS,"37r,v,c",,,,First pass,,,,yes,RGC,"Same cell, Ca field overlap! (04)"
"34836.0,25248.0,379.0",720575940570684617,"34836.0,25248.0,404.0",720575940573622424,720575940563208321,ON alpha,8w,,,,First pass,,,,yes,RGC,
"35126.0,24772.0,470.0",720575940564584600,"35126.0,24772.0,480.0",720575940562360985,720575940573188543,,2i or 2o,,,,First pass,,,,yes,RGC,
"35762.0,23764.0,568.0",720575940564970437,"35811.0,23716.0,641.0",720575940553000540,720575940557280216,SAC,,,,,First pass,,,,yes,AC,
"37175.0,21691.0,695.0",720575940545435331,"37175.0,21691.0,745.0",720575940566981685,720575940574946900,UHD,5ti,,,,First pass,,,,yes,RGC,
"34833.0,25769.0,365.0",720575940570685897,"34833.0,25769.0,375.0",720575940557361500,720575940565001967,ON OS,"82n, 82wi, or 82wo",,,,First pass,,,,yes,RGC,
"35827.0,24494.0,527.0",720575940579446227,"35827.0,24494.0,572.0",720575940577796248,720575940579478641,nNOS-2 AC,,Dominic,14.04.2025,https://spelunker.cave-explorer.org/#!middleauth+https://global.daf-apis.com/nglstate/api/v1/5724153798721536,Complete but neurites cut off,14.04.2025,https://spelunker.cave-explorer.org/#!middleauth+https://global.daf-apis.com/nglstate/api/v1/5724153798721536,,yes,AC,all ends hit an edge
"36710.0,23076.0,583.0",720575940571412669,"36710.0,23076.0,593.0",720575940572572568,720575940572572568,HD2,5so,,,,First pass,,,,yes,RGC,
"37002.0,22765.0,603.0",720575940553108090,"37002.0,22765.0,643.0",720575940577651965,720575940570193375,ON OS,"82n, 82wi, or 82wo",,,,First pass,,,,yes,RGC,
"35393.0,25756.0,442.0",720575940548138586,"35393.0,25756.0,477.0",720575940562439321,720575940562762959,UHD,5ti,,,,First pass,,,,yes,RGC,
"36425.0,23638.0,523.0",720575940557301283,"36425.0,23638.0,558.0",720575940559941089,720575940570532651,,25,,,,First pass,,,,yes,RGC,
"37843.0,21275.0,687.0",720575940545403331,"37843.0,21275.0,747.0",720575940578896237,720575940570533675,Fmini OFF,2an,,,,First pass,,,,yes,RGC,"Same cell, Ca field overlap! (05)"
"36276.0,24360.0,508.0",720575940564590232,"36276.0,24360.0,573.0",720575940578814616,720575940555686010,"UHD, I think",5ti,,,,First pass,,,,yes,RGC,
"36829.0,23632.0,575.0",720575940571413949,"36829.0,23632.0,645.0",720575940573577880,720575940579883701,"dAC, separate axons and dendrites (SAD)",,,,,First pass,,,,yes,AC,
"37507.0,22052.0,655.0",720575940560768001,"37507.0,22052.0,690.0",720575940557582173,720575940564362484,M6-ish,"915, 85",,,,First pass,,,,yes,RGC,
"35736.0,26304.0,463.0",720575940571151305,"35787.0,26389.0,521.0",720575940548174173,720575940564815012,SAC,,,,,First pass,,,,yes,AC,
"36261.0,24878.0,470.0",720575940563726978,"36261.0,24878.0,475.0",720575940549790557,720575940549790557,,2i?,,,,First pass,,,,yes,RGC,
"36747.0,24328.0,534.0",720575940563096545,"36747.0,24328.0,584.0",720575940552991836,720575940557068642,,,,,,Neurites cut off,,,,yes,RGC,
"37717.0,22693.0,606.0",720575940557915777,"37717.0,22693.0,661.0",720575940559269212,720575940559685404,Fmini ON,63,,,,First pass,,,,yes,RGC,
"36268.0,25665.0,459.0",720575940548246106,"36268.0,25665.0,549.0",720575940557568093,720575940570055733,SAC,,,,,First pass,,,,yes,AC,
"37479.0,23564.0,527.0",720575940546527830,"37479.0,23564.0,532.0",720575940572874904,720575940582736763,,2i or 2o?,,,,First pass,,,,yes,RGC,
"38359.0,22221.0,670.0",720575940555957662,"38274.0,22101.0,745.0",720575940578607981,720575940575786158,,25?,,,,WIP,,,,yes,RGC,
"36641.0,25504.0,487.0",720575940571290512,"36641.0,25504.0,522.0",720575940575457881,720575940569667081,OFF vOS (JAMB),2aw,,,,First pass,,,,yes,RGC,
"36912.0,24891.0,527.0",720575940571290000,"36912.0,24891.0,572.0",720575940556369757,720575940550397353,,,,,,First pass,,,,yes,AC,
"38245.0,22679.0,637.0",720575940555967902,"38245.0,22679.0,727.0",720575940558800732,720575940565748855,SAC,,,,,WIP,,,,yes,AC,
"36649.0,26065.0,464.0",720575940571213200,"36649.0,26065.0,484.0",720575940559135068,720575940573205951,dAC SAD,,Greg,,,Complete,,https://spelunker.cave-explorer.org/#!middleauth+https://global.daf-apis.com/nglstate/api/v1/4657991786692608,720575940553376931,yes,AC,
"38075.0,23249.0,591.0",720575940561723730,"38075.0,23249.0,596.0",720575940552472924,720575940573474096,,2o?,,,,First pass,,,,yes,RGC,
"37754.0,24223.0,532.0",720575940558155214,"37711.0,24129.0,603.0",720575940557543005,720575940555514266,SAC,,,,,WIP,,,,yes,AC,
"36364.0,27113.0,407.0",720575940545313494,"36364.0,27113.0,422.0",720575940550934621,720575940552090129,OFF vOS (JAMB),2aw,,,,First pass,,,,yes,RGC,
"38079.0,23906.0,582.0",720575940545971139,"38079.0,23906.0,607.0",720575940553000796,720575940576340501,,,,,,First pass,,,,yes,AC,
"38652.0,22641.0,651.0",720575940555522718,"38608.0,22831.0,734.0",720575940566667581,720575940573596464,SAC,,,,,First pass,,,,yes,AC,
"36994.0,26460.0,443.0",720575940557843212,"36994.0,26460.0,508.0",720575940551176028,720575940548004742,Fmini ON,63,,,,First pass,,,,yes,RGC,
"37756.0,25423.0,481.0",720575940557717614,"37756.0,25423.0,551.0",720575940553759325,720575940567937786,ON alpha,8w,,,,First pass,,,,yes,RGC,
"38751.0,23195.0,636.0",720575940551861895,"38751.0,23195.0,671.0",720575940549795933,720575940555384040,ON OS,72?,Greg,,,Complete,,https://spelunker.cave-explorer.org/#!middleauth+https://global.daf-apis.com/nglstate/api/v1/6218081748647936,720575940557718842,yes,RGC,
"37454.0,26215.0,476.0",720575940557909102,"37454.0,26215.0,496.0",720575940562119321,720575940569023851,A1,,,,,First pass,,,,yes,AC,
"38615.0,23638.0,592.0",720575940554724245,"38615.0,23638.0,677.0",720575940557103964,720575940570158901,dAC SAD,,Jonathan,17.4.2025,https://spelunker.cave-explorer.org/#!middleauth+https://global.daf-apis.com/nglstate/api/v1/4526522770653184,First pass,,,,yes,AC,
"39334.0,22692.0,669.0",720575940552362011,"39137.0,22690.0,736.0",720575940559587903,720575940559587903,ON tr. SmRF,6sn,,,,First pass,,,,yes,RGC,
"38328.0,24432.0,547.0",720575940579520723,"38328.0,24432.0,612.0",720575940577258904,720575940579735641,WF mid-IPL ,,Julia,,https://spelunker.cave-explorer.org/#!middleauth+https://global.daf-apis.com/nglstate/api/v1/5715550106812416,First pass,,,,yes,AC,
"36956.0,27719.0,377.0",720575940571195280,"36956.0,27719.0,447.0",720575940566893365,720575940569667593,OFF 1ni or 1no?,"2o, 2i, or 2aw (symmetric)",,,,First pass,,,,yes,RGC,
"37263.0,27145.0,397.0",720575940546820962,"37263.0,27145.0,417.0",720575940551208540,720575940551208540,ON delayed,73,,,,First pass,,,,yes,RGC,
"38727.0,24132.0,572.0",720575940552417307,"38727.0,24132.0,632.0",720575940556869468,720575940563271661,WFAC,,,,,First pass,,,,yes,AC,
"39024.0,23829.0,635.0",720575940551864711,"39024.0,23829.0,670.0",720575940558691125,720575940547756163,Fmini ON,63,,,,First pass,,,,yes,RGC,
"39655.0,23462.0,758.0",720575940552698858,"39655.0,23462.0,808.0",720575940578278808,720575940555347098,OFF vOS (JAMB),2aw,,,,First pass,,,,yes,RGC,"There might be a second cell (old: 77479079850848368, new: 720575940552698858), but unlikely"
"37959.0,26135.0,491.0",720575940568129302,"37959.0,26135.0,511.0",720575940558188381,720575940581166718,WFAC,,,,https://spelunker.cave-explorer.org/#!middleauth+https://global.daf-apis.com/nglstate/api/v1/5891342732361728,First pass,,,,yes,AC,
"37808.0,26812.0,443.0",720575940553551833,"37808.0,26812.0,503.0",720575940572478104,720575940575565583,SAC,,,,,First pass,,,,yes,AC,
"38572.0,25520.0,498.0",720575940568025878,"38572.0,25520.0,583.0",720575940556754524,720575940582902139,SAC,,,,,WIP,,,,yes,AC,
"38777.0,24908.0,566.0",720575940545537608,"38777.0,24908.0,656.0",720575940563742817,720575940570595377,,2i?,,,,WIP,,,,yes,RGC,
"39128.0,24436.0,592.0",720575940581392083,"39128.0,24436.0,677.0",720575940562746593,720575940562746593,SAC,,,,,WIP,,,,yes,AC,
"39546.0,23968.0,581.0",720575940555301525,"39546.0,23968.0,681.0",720575940559634805,720575940576666428,,25?,Greg,,https://spelunker.cave-explorer.org/#!middleauth+https://global.daf-apis.com/nglstate/api/v1/4655351321329664,First pass,,,,yes,RGC,
"38471.0,26192.0,487.0",720575940549780957,"38471.0,26192.0,557.0",720575940576567350,720575940567500429,UHD,5ti,,,,First pass,,,,yes,RGC,
"33871.0,16222.0,920.0",720575940567017021,"33871.0,16222.0,930.0",720575940563188121,720575940557847077,A17,,Greg,,,Complete,,https://spelunker.cave-explorer.org/#!middleauth+https://global.daf-apis.com/nglstate/api/v1/4530569703587840,720575940557847077,yes,AC,
"33905.0,15777.0,948.0",720575940553185617,"33905.0,15777.0,988.0",720575940576294296,720575940557047256,,,,,,First pass,,,,yes,AC,
"34436.0,15484.0,1005.0",720575940569147501,"34436.0,15484.0,1050.0",720575940552800349,720575940553376675,OODS,"37r,v,c",,,,First pass,,,,yes,RGC,
"34596.0,14944.0,1030.0",720575940571139451,"34596.0,14944.0,1075.0",720575940548479581,720575940553486217,PixON,9n,,,,First pass,,,,yes,RGC,
"35123.0,14186.0,1087.0",720575940570620539,"35123.0,14186.0,1107.0",720575940572873585,720575940572873585,,,,,,Neurites cut off,,,,yes,RGC,
"33254.0,17467.0,935.0",720575940558911421,"33254.0,17467.0,985.0",720575940563292313,720575940563292313,Fmini ON,63,,,,First pass,,,,yes,RGC,
"33717.0,17146.0,909.0",720575940558936765,"33717.0,17146.0,959.0",720575940576743990,720575940576743990,Fmini OFF,2an,,,,First pass,,,,yes,RGC,
"35357.0,15064.0,1044.0",720575940568788589,"35357.0,15064.0,1094.0",720575940577836184,720575940559692936,EW type 25,25,,,,Neurites cut off,,,,yes,RGC,
"35634.0,14614.0,1050.0",720575940562520657,"35634.0,14614.0,1100.0",720575940549924957,720575940576336314,dAC SAD,,,,,WIP,,,,yes,AC,
"34261.0,17180.0,940.0",720575940555439536,"34261.0,17180.0,990.0",720575940556800348,720575940555530306,SAC,,,,,First pass,,,,yes,AC,
"35820.0,14232.0,1079.0",720575940569162349,"35820.0,14232.0,1139.0",720575940562082969,720575940557811236,,,,,,Complete,,https://spelunker.cave-explorer.org/#!middleauth+https://global.daf-apis.com/nglstate/api/v1/6237734311034880,720575940557811236,yes,AC,
"36472.0,13688.0,1103.0",720575940562664785,"36472.0,13688.0,1168.0",720575940549540189,720575940549540189,A1,,,,,Neurites cut off,,,,yes,AC,
"34802.0,16613.0,933.0",720575940558168373,"34802.0,16613.0,993.0",720575940575817624,720575940561751884,ON OS,"82n, 82wi, or 82wo",,,,First pass,,,,yes,RGC,
"36210.0,13846.0,971.0",720575940573823097,"36210.0,13846.0,1026.0",720575940548229981,720575940557069666,,,,,,Neurites cut off,,,,yes,RGC,
"33904.0,17989.0,865.0",720575940555457712,"33904.0,17989.0,910.0",720575940572600728,720575940563211137,UHD,5ti,,,,First pass,,,,yes,RGC,
"35107.0,16200.0,987.0",720575940558213685,"35107.0,16200.0,1072.0",720575940558215261,720575940536675507,WFAC,,Jonathan,16.4.2025,https://spelunker.cave-explorer.org/#!middleauth+https://global.daf-apis.com/nglstate/api/v1/5091496995848192,First pass,,,,yes,AC,
"34348.0,17772.0,884.0",720575940539933604,"34348.0,17772.0,899.0",720575940559132764,720575940573294404,WFAC spiny,,Greg,,,Complete,,https://spelunker.cave-explorer.org/#!middleauth+https://global.daf-apis.com/nglstate/api/v1/6500894691557376,720575940557811236,yes,AC,
"34822.0,17179.0,882.0",720575940560843603,"34822.0,17179.0,917.0",720575940555305052,720575940562468691,,,,,,WIP,,,,yes,AC,
"35530.0,16006.0,960.0",720575940573585529,"35572.0,16002.0,1025.0",720575940558254173,720575940572470077,,,,,,Neurites cut off,,,,yes,RGC,
"35862.0,15248.0,990.0",720575940570979195,"35862.0,15248.0,1105.0",720575940577751549,720575940577751549,SAC,,,,,WIP,,,,yes,AC,
"36503.0,14881.0,920.0",720575940562660177,"36503.0,14881.0,940.0",720575940551254620,720575940554576870,ON alpha,8w,,,,First pass,,,,yes,RGC,
"34312.0,18423.0,848.0",720575940561222246,"34235.0,18428.0,930.0",720575940551102301,720575940570333108,WFAC,,Greg,,,Complete,,https://spelunker.cave-explorer.org/#!middleauth+https://global.daf-apis.com/nglstate/api/v1/5680091326578688,720575940570333108,yes,AC,
"37099.0,13789.0,1115.0",720575940542772288,"37099.0,13789.0,1215.0",720575940561803394,720575940536675763,,,,,,Neurites cut off,,,,yes,RGC,
"35941.0,15857.0,982.0",720575940573582457,"35941.0,15857.0,1022.0",720575940556257117,720575940560560590,WFAC,,,,https://spelunker.cave-explorer.org/#!middleauth+https://global.daf-apis.com/nglstate/api/v1/6656012133072896,WIP,,,,yes,AC,
"35127.0,16982.0,769.0",720575940543485509,"35127.0,16982.0,829.0",720575940550175837,720575940565173680,OFF tr. SmRF,4i,Greg,,https://spelunker.cave-explorer.org/#!middleauth+https://global.daf-apis.com/nglstate/api/v1/5401493709520896,First pass,,,,yes,RGC,
"37002.0,14487.0,1034.0",720575940559857389,"37002.0,14487.0,1134.0",720575940553988701,720575940563314416,On tr. SmRF,6sn,Greg,,https://spelunker.cave-explorer.org/#!middleauth+https://global.daf-apis.com/nglstate/api/v1/6439447718526976,First pass,,,,yes,RGC,
"33861.0,18451.0,823.0",720575940573659400,"33861.0,18451.0,923.0",720575940553687901,720575940559084387,HD2,5so,,,,First pass,,,,yes,RGC,
"35034.0,17712.0,785.0",720575940540557130,"35034.0,17712.0,880.0",720575940576301464,720575940570492705,,,,,,WIP,,,,yes,AC,
"35354.0,17492.0,793.0",720575940560615961,"35354.0,17492.0,803.0",720575940559256156,720575940559256156,ON DS sus,"7iv,r,d",,,,First pass,,,,yes,RGC,
"35782.0,16760.0,951.0",720575940561053779,"35782.0,16760.0,1016.0",720575940549996893,720575940565797281,WFAC,,,,,First pass,,,,yes,AC,
"36498.0,15710.0,903.0",720575940569375869,"36498.0,15710.0,928.0",720575940572704152,720575940559700616,OFF tr. MeRF,4ow?,,,,First pass,,,,yes,RGC,
"37362.0,14395.0,1104.0",720575940549199434,"37362.0,14395.0,1124.0",720575940570550169,720575940570550169,,,,,,WIP,,,,yes,RGC,
"36954.0,15352.0,1027.0",720575940560403181,"36954.0,15352.0,1087.0",720575940572677528,720575940558481501,HD1?,5si?,,,,First pass,,,,yes,RGC,
"35274.0,18413.0,804.0",720575940561995110,"35274.0,18413.0,809.0",720575940577784728,720575940577784728,,,,,,Neurites cut off,,,,yes,RGC,
"36323.0,16443.0,952.0",720575940576220214,"36323.0,16443.0,1012.0",720575940558625333,720575940557280728,HD1?,5si?,Greg,,,Complete,,https://spelunker.cave-explorer.org/#!middleauth+https://global.daf-apis.com/nglstate/api/v1/5547024515596288,720575940557280728,yes,RGC,
"35763.0,18077.0,786.0",720575940560715545,"35763.0,18077.0,836.0",720575940567425333,720575940567938810,,,,,,Neurites cut off,,,,yes,RGC,
"36241.0,17698.0,828.0",720575940555082820,"36241.0,17698.0,883.0",720575940576560438,720575940584911126,OODS Hb9,37d,,,,First pass,,,,yes,RGC,
"36261.0,17008.0,882.0",720575940541102785,"36261.0,17008.0,972.0",720575940571143537,720575940571143537,Fmini OFF,2an,,,,Neurites cut off,,,,yes,RGC,
"36901.0,16226.0,1001.0",720575940561556285,"36901.0,16226.0,1051.0",720575940551302748,720575940575803822,UHD,5ti,,,,First pass,,,,yes,RGC,
"35260.0,19062.0,821.0",720575940537107413,"35260.0,19062.0,881.0",720575940577582589,720575940584992278,SAC,,,,,WIP,,,,yes,AC,
"37628.0,16160.0,1018.0",720575940559606591,"37628.0,16160.0,1023.0",720575940577098550,720575940577098550,,,,,,Neurites cut off,,,,yes,RGC,
"38096.0,15181.0,1016.0",720575940572009658,"38096.0,15181.0,1036.0",720575940577854717,720575940577854717,,,,,,Neurites cut off,,,,yes,RGC,
"36880.0,17227.0,988.0",720575940554151290,"36880.0,17227.0,1028.0",720575940562128025,720575940562128025,,,,,,Neurites cut off,,,,yes,RGC,
"37747.0,15701.0,1011.0",720575940572081082,"37747.0,15701.0,1036.0",720575940578351158,720575940567494294,ON delayed,73,,,,Neurites cut off,,,,yes,RGC,
"35866.0,18756.0,830.0",720575940572805896,"36102.0,19050.0,853.0",720575940561710305,720575940561710305,Fmini OFF,2an,,,,Neurites cut off,,,,yes,RGC,
"35932.0,19449.0,736.0",720575940552583180,"35932.0,19449.0,791.0",720575940558841948,720575940553129766,ON tr. MeRF,6sn,,,,First pass,,,,yes,RGC,"Same cell, Ca field overlap! (01)"
"36789.0,18021.0,891.0",720575940574185157,"36789.0,18021.0,951.0",720575940577701629,720575940577701629,SAC,,,,,WIP,,,,yes,AC,
"36727.0,18662.0,838.0",720575940572045509,"36697.0,18602.0,904.0",720575940578900376,720575940578900376,SAC,,,,,WIP,,,,yes,AC,
"36550.0,19072.0,820.0",720575940546942120,"36550.0,19072.0,890.0",720575940577699837,720575940577699837,SAC,,,,,WIP,,,,yes,AC,
"38316.0,16227.0,920.0",720575940557939765,"38186.0,16411.0,966.0",720575940559999797,720575940564764034,OFF tr. alpha,4ow,,,,First pass,,,,yes,RGC,
"36037.0,20199.0,754.0",720575940552618508,"36146.0,20279.0,809.0",720575940558828892,720575940576343829,OFF tr. MeRF,4on,,,,First pass,,,,yes,RGC,"Same cell, Ca field overlap! (02)"
"36405.0,19708.0,793.0",720575940552630325,"36405.0,19708.0,833.0",720575940576360344,720575940556388557,HD1,5si,,,,First pass,,,,yes,RGC,
"37351.0,18281.0,901.0",720575940557791105,"37351.0,18281.0,966.0",720575940583276541,720575940561078410,1ni,1ni,,,,Neurites cut off,,,,yes,RGC,
"37876.0,17945.0,917.0",720575940553319938,"37876.0,17945.0,1002.0",720575940555336540,720575940555336540,OODS,"37r,v,c",,,,First pass,,,,yes,RGC,
"36999.0,19057.0,832.0",720575940574208197,"36999.0,19057.0,882.0",720575940569193112,720575940556630144,WFAC,,Greg,,,Complete,,https://spelunker.cave-explorer.org/#!middleauth+https://global.daf-apis.com/nglstate/api/v1/6129532944777216,720575940556630144,yes,AC,
"37410.0,18675.0,869.0",720575940549202881,"37410.0,18675.0,939.0",720575940573310104,720575940582848379,WFAC SAD,,Greg,,,Complete,,https://spelunker.cave-explorer.org/#!middleauth+https://global.daf-apis.com/nglstate/api/v1/6093761101692928,720575940582848379,yes,AC,
"38345.0,16940.0,951.0",720575940549083585,"38345.0,16940.0,961.0",720575940567034429,720575940563078363,ON OS,,,,,Neurites cut off,,,,yes,RGC,
"39187.0,15712.0,869.0",720575940572013242,"39187.0,15712.0,884.0",720575940558104885,720575940563654903,ON DS sus,"7iv,r,d",,,,First pass,,,,yes,RGC,
"38302.0,17604.0,930.0",720575940547320922,"38208.0,17542.0,941.0",720575940577652989,720575940556113199,SAC,,,,,WIP,,,,yes,AC,
"38885.0,16841.0,1003.0",720575940549247681,"38885.0,16841.0,1038.0",720575940549312349,720575940573908182,A1,,Greg,,,Complete,,https://spelunker.cave-explorer.org/#!middleauth+https://global.daf-apis.com/nglstate/api/v1/4682694156877824,720575940573908182,yes,AC,
"36884.0,20356.0,722.0",720575940574221509,"36884.0,20356.0,727.0",720575940556297053,720575940566406645,PixON,9n,,,,First pass,,,,yes,RGC,"Same cell, Ca field overlap! (03)"
"37336.0,19530.0,802.0",720575940553799682,"37336.0,19530.0,867.0",720575940578939288,720575940576401338,dAC WF mid-IPL,,,,,Complete,,https://spelunker.cave-explorer.org/#!middleauth+https://global.daf-apis.com/nglstate/api/v1/5837903323201536,720575940576401338,yes,AC,
"37381.0,19129.0,842.0",720575940541085222,"37381.0,19129.0,907.0",720575940576442520,720575940556201191,,,,,,WIP,,,,yes,AC,
"37854.0,18705.0,820.0",720575940554823070,"37854.0,18705.0,910.0",720575940562014617,720575940558526765,,,Greg,,,Complete,,https://spelunker.cave-explorer.org/#!middleauth+https://global.daf-apis.com/nglstate/api/v1/5025384581038080,720575940558526765,yes,RGC,
"37279.0,19946.0,783.0",720575940549824267,"37217.0,19954.0,782.0",720575940572919448,720575940572919448,WFAC,,,,,WIP,,,,yes,AC,
"38479.0,18250.0,898.0",720575940555235230,"38479.0,18250.0,963.0",720575940550792028,720575940566442502,SbC EW27,27,Dominic,14.04.2025,https://spelunker.cave-explorer.org/#!middleauth+https://global.daf-apis.com/nglstate/api/v1/5010560484638720,WIP,,,,yes,RGC,
"38905.0,17381.0,938.0",720575940554854302,"38905.0,17381.0,973.0",720575940559605823,720575940559605823,Fmini OFF,2an,,,,Neurites cut off,,,,yes,RGC,
"37904.0,19266.0,765.0",720575940553778946,"37904.0,19266.0,795.0",720575940549668957,720575940564408164,PixON,9n,,,,First pass,,,,yes,RGC,
"38924.0,17758.0,890.0",720575940549419201,"38924.0,17758.0,920.0",720575940566218813,720575940566218813,SAC,,,,,WIP,,,,yes,AC,
"37434.0,20426.0,771.0",720575940574320317,"37434.0,20426.0,866.0",720575940562127769,720575940551914453,SAC,,sstroeh,,,WIP,,,,yes,AC,
"39350.0,17255.0,991.0",720575940551561607,"39350.0,17255.0,1016.0",720575940549900381,720575940549900381,,,,,,WIP,,,,yes,RGC,
"37333.0,20997.0,702.0",720575940555393530,"37333.0,20997.0,752.0",720575940553930589,720575940569666057,OODS,"37r,v,c",,,,First pass,,,,yes,RGC,"Same cell, Ca field overlap! (04)"
"37878.0,19957.0,758.0",720575940563198175,"37878.0,19957.0,793.0",720575940548183901,720575940558909841,ON OS,72,,,,First pass,,,,yes,RGC,
"38038.0,20745.0,728.0",720575940572225477,"38038.0,20745.0,733.0",720575940575237272,720575940582704507,,2i or 2aw (symmetric),,,,First pass,,,,yes,RGC,
"38740.0,19331.0,842.0",720575940552342151,"38740.0,19331.0,862.0",720575940577698813,720575940565002479,SAC,,,,,First pass,,,,yes,AC,
"39487.0,18171.0,905.0",720575940556588668,"39487.0,18171.0,1005.0",720575940576995638,720575940562596631,OFF tr. SmRF,4i,,,,First pass,,,,yes,RGC,
"39155.0,18753.0,850.0",720575940552340871,"39155.0,18753.0,875.0",720575940578729112,720575940566360376,OODS,"37r,v,c",,,,First pass,,,,yes,RGC,
"37843.0,21275.0,687.0",720575940545403331,"37843.0,21275.0,747.0",720575940578896237,720575940570533675,Fmini OFF,2an,,,,First pass,,,,yes,RGC,"Same cell, Ca field overlap! (05)"
"26172.0,29697.0,316.0",720575940557456528,"26172.0,29697.0,356.0",720575940549124701,720575940540440952,UHD,5ti,,,,First pass,,,,yes,RGC,
"26292.0,29061.0,309.0",720575940561931950,"26292.0,29061.0,379.0",720575940573498008,720575940554765250,A1,,,,,WIP,,,,yes,AC,
"28045.0,26042.0,368.0",720575940536902213,"28143.0,26013.0,374.0",720575940552840797,720575940560876523,,,,,,First pass,,,,yes,AC,
"28328.0,25477.0,370.0",720575940555123782,"28328.0,25477.0,385.0",720575940549515357,720575940557761317,OODS V (Hb9),37d,,,,First pass,,,,yes,RGC,
"28690.0,25078.0,429.0",720575940552304202,"28690.0,25078.0,484.0",720575940570465625,720575940551457651,UHD,5ti,,,,First pass,,,,yes,RGC,
"27902.0,27099.0,311.0",720575940548734326,"27902.0,27099.0,406.0",720575940556488541,720575940581074302,dAC SAD,,,,,First pass,,,,yes,AC,
"26785.0,29732.0,302.0",720575940549002197,"26785.0,29732.0,362.0",720575940576291325,720575940563154495,OFF tr. SmRF,4i,,,,First pass,,,,yes,RGC,
"28721.0,27179.0,243.0",,"28832.0,26935.0,326.0",720575940573619352,720575940573619352,ON alpha,8w,,,,First pass,,,,yes,RGC,Undersegmented
"28633.0,26002.0,276.0",720575940552302922,"28633.0,26002.0,326.0",720575940557803357,720575940552091409,SAC,,,,,First pass,,,,yes,AC,
"27962.0,27879.0,292.0",720575940551984936,"27962.0,27879.0,317.0",720575940556229468,720575940560877035,M6,91,,,,First pass,,,,yes,RGC,
"29217.0,25986.0,362.0",720575940558009457,"29217.0,25986.0,402.0",720575940577505944,720575940584912406,A1,,,,https://spelunker.cave-explorer.org/#!middleauth+https://global.daf-apis.com/nglstate/api/v1/5492728428232704,WIP,,,,yes,AC,
"29536.0,25409.0,420.0",720575940550424971,"29536.0,25409.0,435.0",720575940546892125,720575940558569877,3i or 3o?,3i or 3o?,,,,First pass,,,,yes,RGC,
"26726.0,30379.0,303.0",720575940561930158,"26726.0,30379.0,363.0",720575940577792253,720575940550367141,,,,,,First pass,,,,yes,AC,
"27483.0,28541.0,351.0",720575940554690648,"27407.0,28470.0,384.0",720575940574158462,720575940551295560,,,,,,WIP,,,,yes,AC,Unlikely that they meant this
"27470.0,29591.0,315.0",720575940545340764,"27470.0,29591.0,380.0",720575940581856765,720575940559233157,,,,,,First pass,,,,yes,AC,
"26807.0,28239.0,334.0",720575940551941796,"26807.0,28239.0,424.0",720575940558905948,720575940563420517,"OFF trans alpha, I think",4ow,,,,First pass,,,,yes,RGC,Unlikely that they meant this
"28484.0,27897.0,261.0",720575940577732240,"28484.0,27897.0,286.0",720575940576989949,720575940550236896,A1,,,,,First pass,,,,yes,AC,"Merger, therefore same OLD IDs (01)"
"27376.0,30263.0,309.0",720575940545753692,"27376.0,30263.0,324.0",720575940570665305,720575940556204519,WFAC,,Dominic,22.04.2025,,Complete but neurites cut off,22.04.2025,https://spelunker.cave-explorer.org/#!middleauth+https://global.daf-apis.com/nglstate/api/v1/6499729799118848,720575940556242151,yes,AC,3 ends couldnt be fix due to glia
"28531.0,28554.0,234.0",720575940573975444,"28531.0,28554.0,284.0",720575940556743260,720575940564772175,MFAC,,,,,First pass,,,,yes,AC,Maybe just one cell (but 19 underlying)
"28192.0,29070.0,289.0",720575940577354384,"28192.0,29070.0,299.0",720575940580933629,720575940561752140,ON OS,"82n, 82wi, or 82wo",,,,First pass,,,,yes,RGC,Maybe just one cell (but 19 underlying)
"29580.0,26798.0,345.0",720575940541618013,"29580.0,26798.0,360.0",720575940557305692,720575940572959385,M6,91,,,,First pass,,,,yes,RGC,
"30017.0,26016.0,341.0",720575940538801471,"30017.0,26016.0,351.0",720575940558151005,720575940564772431,M1,1ws,,,,First pass,,,,yes,RGC,
"28141.0,29674.0,296.0",720575940558194576,"28231.0,29670.0,312.0",720575940578151832,720575940557221244,UHD,5ti,,,,First pass,,,,yes,RGC,
"27834.0,30508.0,212.0",720575940554121124,"27834.0,30508.0,277.0",720575940577959320,720575940562446931,3o?,3o?,,,,First pass,,,,yes,RGC,
"28963.0,28188.0,293.0",720575940574970747,"28963.0,28188.0,308.0",720575940576681342,720575940576681342,A1,,,,,WIP,,,,yes,AC,
"29400.0,27359.0,333.0",720575940550850955,"29400.0,27359.0,373.0",720575940552873565,720575940556205031,,,,,,First pass,,,,yes,AC,
"28764.0,29032.0,261.0",720575940555560280,"28764.0,29032.0,286.0",720575940575241624,720575940579885493,OFFvOS JAMB,2aw,,,,First pass,,,,yes,RGC,
"29462.0,27918.0,257.0",720575940551031435,"29462.0,27918.0,287.0",720575940557144669,720575940550091303,OODS,"37r,v,c",,,,First pass,,,,yes,RGC,
"30160.0,26932.0,349.0",720575940541408349,"30160.0,26932.0,399.0",720575940572545176,720575940563850407,Fmini OFF,2an,,,,First pass,,,,yes,RGC,
"29046.0,29891.0,224.0",720575940538752902,"29046.0,29891.0,234.0",720575940568834137,720575940551916501,ON Bursty?,3i?,,,,First pass,,,,yes,RGC,
"29288.0,28660.0,202.0",720575940576233020,"29288.0,28660.0,272.0",720575940573672088,720575940549124923,SAC,,,,,WIP,,,,yes,AC,
"30298.0,27668.0,328.0",720575940557999301,"30298.0,27668.0,353.0",720575940569406041,720575940570193631,,,,,,First pass,,,,yes,AC,
"30747.0,26710.0,346.0",720575940549727743,"30747.0,26710.0,361.0",720575940572947096,720575940568791492,PixON,9n,,,,First pass,,,,yes,RGC,
"28134.0,31563.0,308.0",720575940556053049,"28134.0,31563.0,318.0",720575940572510104,720575940558570901,PixON,9n,,,,First pass,,,,yes,RGC,
"29359.0,29195.0,252.0",720575940559738416,"29359.0,29195.0,292.0",720575940577603069,720575940558571413,OFFvOS JAMB,2aw,,,,First pass,,,,yes,RGC,Same cell? (02)
"29300.0,29180.0,252.0",720575940559738416,"29300.0,29180.0,292.0",720575940577603069,720575940558571413,,,,,,Dead cell or double,,,,yes,,Same cell? (02)
"28902.0,30611.0,283.0",720575940559439597,"28902.0,30611.0,358.0",720575940578060184,720575940584974614,SAC,,,,,WIP,,,,yes,AC,
"30882.0,27664.0,310.0",720575940562768302,"30882.0,27664.0,385.0",720575940551259996,720575940549095124,SAC,,,,,First pass,,,,yes,AC,
"30506.0,28304.0,332.0",720575940554784420,"30506.0,28304.0,387.0",720575940570391960,720575940557047768,WFAC,,,,,First pass,,,,yes,AC,
"31292.0,26705.0,330.0",720575940559129837,"31292.0,26705.0,340.0",720575940555182940,720575940560552272,ON OS,"82n, 82wi, or 82wo",,,,First pass,,,,yes,RGC,
"28745.0,31752.0,351.0",720575940575963796,"28745.0,31752.0,411.0",720575940578120600,720575940566959116,ON tr. SmRF,6sn,,,,First pass,,,,yes,RGC,
"29775.0,30041.0,263.0",720575940538396806,"29775.0,30041.0,288.0",720575940563183513,720575940552044227,ON DS sus,"7iv,r,d",,,,First pass,,,,yes,RGC,
"30101.0,29368.0,277.0",720575940544297990,"30101.0,29368.0,327.0",720575940556200285,720575940556200285,Fmini OFF,2an,,,,First pass,,,,yes,RGC,
"29307.0,30545.0,313.0",720575940563797934,"29307.0,30545.0,353.0",720575940555271004,720575940560512974,dAC MFAC,,,,,First pass,,,,yes,AC,
"31275.0,27698.0,343.0",720575940559158981,"31462.0,27930.0,316.0",720575940553035356,720575940551917269,2i or 2o,2i or 2o,,,,First pass,,,,yes,RGC,
"31711.0,27054.0,333.0",720575940559364805,"31711.0,27054.0,353.0",720575940579059096,720575940552044739,,,,,,First pass,,,,yes,AC,
"29844.0,30713.0,277.0",720575940549821695,"29844.0,30713.0,312.0",720575940572990104,720575940572990104,OODS,"37r,v,c",,,,First pass,,,,yes,RGC,
"30505.0,29692.0,342.0",720575940563803054,"30505.0,29692.0,402.0",720575940557280092,720575940557280092,SAC,,,,,First pass,,,,yes,AC,
"31119.0,28496.0,315.0",720575940576029076,"31119.0,28496.0,340.0",720575940555811677,720575940559233669,A1,,,,,First pass,,,,yes,AC,
"31759.0,27601.0,287.0",720575940550323554,"31759.0,27601.0,352.0",720575940559052636,720575940566960396,dAC SAD,,,,,First pass,,,,yes,AC,
"31257.0,28855.0,393.0",720575940557256280,"31257.0,28855.0,483.0",720575940555193948,720575940584530742,WFAC,,,,,Complete,,https://spelunker.cave-explorer.org/#!middleauth+https://global.daf-apis.com/nglstate/api/v1/5275485341745152,720575940584530742,yes,AC,
"29715.0,31614.0,306.0",720575940545978871,"29715.0,31614.0,391.0",720575940558269021,720575940573881558,OFF tr. SmRF,4i,,,,First pass,,,,yes,RGC,
"32245.0,27199.0,369.0",720575940540113546,"32367.0,27107.0,407.0",720575940573671832,720575940563026233,SAC,,,,,First pass,,,,yes,AC,
"30469.0,30639.0,228.0",720575940559427565,"30469.0,30639.0,328.0",720575940573143897,720575940551591410,OFF tr. alpha,4ow,,,,First pass,,,,yes,RGC,
"30715.0,30086.0,189.0",720575940550530773,"30715.0,30086.0,219.0",720575940577984664,720575940565003247,2o or 2i?,2o or 2i?,,,,First pass,,,,yes,RGC,
"31938.0,28207.0,335.0",720575940549660002,"31938.0,28207.0,390.0",720575940556322396,720575940564772943,HD1,5si,,,,First pass,,,,yes,RGC,
"31756.0,28755.0,332.0",720575940575963708,"31785.0,28842.0,351.0",720575940556487772,720575940568238448,SAC,,,,,WIP,,,,yes,AC,
"30403.0,31201.0,331.0",720575940541211050,"30469.0,30900.0,325.0",720575940556057180,720575940570533931,dAC SAD,,,,,First pass,,,,yes,AC,
"31746.0,29698.0,364.0",720575940547780594,"31746.0,29698.0,424.0",720575940556169053,720575940567571466,OFF sus alpha?,1wt,,,,First pass,,,,yes,RGC,
"31348.0,30327.0,312.0",720575940549571145,"31348.0,30327.0,317.0",720575940562529433,720575940557048280,,,,,,First pass,,,,yes,RGC,
"30531.0,32200.0,318.0",720575940549841109,"30531.0,32200.0,363.0",720575940563224729,720575940563224729,OFF tr. SmRF,4i,,,,First pass,,,,yes,RGC,
"30809.0,32035.0,216.0",720575940562274734,"30809.0,32035.0,256.0",720575940557390428,720575940566484988,ON alpha,8w,,,,First pass,,,,yes,RGC,
"31081.0,31108.0,213.0",720575940549833429,"31081.0,31108.0,228.0",720575940577717757,720575940561974782,ON DS sus,"7iv,r,d",,,,First pass,,,,yes,RGC,
"33051.0,28528.0,286.0",720575940555336314,"33051.0,28528.0,361.0",720575940563304089,720575940563304089,SAC,,,,,WIP,,,,yes,AC,
"32745.0,29057.0,372.0",720575940550937181,"32745.0,29057.0,417.0",720575940558196316,720575940562142603,dAC nNOS-2 or WF mid-IPL,,,,,First pass,,,,yes,AC,
"33082.0,29184.0,283.0",720575940555519675,"33031.0,29116.0,290.0",720575940550927709,720575940550927709,Fmini OFF,2aw,,,,First pass,,,,yes,RGC,
"39878.0,36479.0,566.0",720575940548516489,"39878.0,36479.0,571.0",720575940577144958,720575940551244104,A1,,,,,WIP,,,,yes,AC,
"40764.0,35144.0,483.0",720575940550779031,"40764.0,35144.0,493.0",720575940554163036,720575940570325684,Fmini ON,63,,,,First pass,,,,yes,RGC,
"41229.0,34469.0,465.0",720575940572665759,"41229.0,34469.0,470.0",720575940567514009,720575940540442232,sSBC EW27 or 28,27 or 28,,,,First pass,,,,yes,RGC,
"41789.0,33955.0,473.0",720575940556807247,"41789.0,33955.0,518.0",720575940568412569,720575940556654838,ON OS,72,,,,First pass,,,,yes,RGC,
"40138.0,36924.0,484.0",720575940580656190,"40138.0,36924.0,564.0",720575940577236120,720575940577636905,dAC SAD,,,,,First pass,,,,yes,AC,
"40294.0,36532.0,419.0",720575940558378888,"40294.0,36532.0,454.0",720575940563196569,720575940563196569,ON DS sus,"7iv,r,d",,,,First pass,,,,yes,RGC,
"39971.0,37331.0,535.0",720575940568487793,"39971.0,37331.0,580.0",720575940552842333,720575940560878059,dAC SAD,,,,,WIP,,,,yes,AC,
"41283.0,35334.0,499.0",720575940562377319,"41283.0,35334.0,569.0",720575940578298457,720575940549115707,UHD,5ti,,,,First pass,,,,yes,RGC,
"41053.0,35835.0,411.0",720575940574552735,"41053.0,35835.0,476.0",720575940574576536,720575940574576536,ON DS sus,"7iv,r,d",,,,First pass,,,,yes,RGC,
"40110.0,37960.0,506.0",720575940558367152,"40110.0,37960.0,536.0",720575940572667481,720575940569733185,A1,,Greg,,,Complete,,https://spelunker.cave-explorer.org/#!middleauth+https://global.daf-apis.com/nglstate/api/v1/5462846512037888,720575940569733185,yes,AC,
"40320.0,37447.0,402.0",720575940552969720,"40320.0,37447.0,422.0",720575940559570549,720575940553182807,1ni or 1no,1ni or 1no,,,,First pass,,,,yes,RGC,
"42020.0,34847.0,449.0",720575940553409587,"42020.0,34847.0,484.0",720575940578974553,720575940565004271,ON delayed RGC,73,,,,First pass,,,,yes,RGC,
"42468.0,33869.0,523.0",720575940556938831,"42468.0,33869.0,593.0",720575940571695001,720575940553373347,SAC,,,,,First pass,,,,yes,AC,
"41448.0,35857.0,497.0",720575940560066459,"41448.0,35857.0,557.0",720575940575472024,720575940564363252,dAC MF,,,,,First pass,,,,yes,AC,
"41315.0,36648.0,441.0",720575940556055511,"41315.0,36648.0,471.0",720575940572877977,720575940574948436,OFFvOS (JAMB),2aw,,,,First pass,,,,yes,RGC,
"42633.0,34590.0,491.0",720575940560376282,"42633.0,34590.0,501.0",720575940551333469,720575940572864236,Fmini OFF,2an,,,,First pass,,,,yes,RGC,
"40866.0,37490.0,488.0",720575940550888343,"40866.0,37490.0,553.0",720575940575168664,720575940575168664,dAC SAD,,,,,First pass,,,,yes,AC,
"41904.0,35455.0,463.0",720575940560258459,"41904.0,35455.0,508.0",720575940582824701,720575940582704763,ON OS,"82n, 82wi, or 82wo",,,,First pass,,,,yes,RGC,
"40366.0,38533.0,416.0",720575940541300675,"40366.0,38533.0,426.0",720575940586150653,720575940581599806,OFF tr. SmRF,4i,,,,First pass,,,,yes,RGC,
"41155.0,37097.0,488.0",720575940567903497,"41126.0,36949.0,473.0",720575940566774069,720575940562697376,SAC,,,,,First pass,,,,yes,AC,
"40839.0,37974.0,503.0",720575940550886807,"40839.0,37974.0,528.0",720575940571979161,720575940573722619,dAC MFAC,,,,,First pass,,,,yes,AC,
"41961.0,36489.0,472.0",720575940560471823,"41961.0,36489.0,502.0",720575940577211850,720575940577211850,Fmini OFF,2an,,,,First pass,,,,yes,RGC,
"42629.0,35374.0,488.0",720575940560528911,"42629.0,35374.0,538.0",720575940574539160,720575940565750391,WFAC,,,,,WIP,,,,yes,AC,
"41013.0,38376.0,457.0",720575940550861719,"41013.0,38376.0,482.0",720575940579189757,720575940576320965,PixON,9n,,,,First pass,,,,yes,RGC,
"41506.0,37661.0,463.0",720575940551878109,"41534.0,37440.0,476.0",720575940581666964,720575940553126950,WFAC,,Dominic,22.04.2025,https://spelunker.cave-explorer.org/#!middleauth+https://global.daf-apis.com/nglstate/api/v1/4788879572860928,Complete but neurites cut off,22.04.2025,https://spelunker.cave-explorer.org/#!middleauth+https://global.daf-apis.com/nglstate/api/v1/4788879572860928,720575940551156651,yes,AC,some neurites hit the edge
"42539.0,36283.0,480.0",720575940560514319,"42539.0,36283.0,485.0",720575940556991069,720575940563649527,,2o or 2i?,,,,First pass,,,,yes,RGC,
"42044.0,37482.0,494.0",720575940540215686,"42044.0,37482.0,534.0",720575940573067097,720575940551407731,OODS,"37r,v,c",,,,First pass,,,,yes,RGC,
"43292.0,35146.0,458.0",720575940546185672,"43472.0,35221.0,429.0",720575940578914045,720575940570534699,,,,,,WIP,,,,yes,RGC,
"41384.0,38952.0,443.0",720575940555812497,"41384.0,38952.0,468.0",720575940567087113,720575940565356290,OFF tr MeRF,4on,,,,First pass,,,,yes,RGC,
"42440.0,36858.0,486.0",720575940569769505,"42440.0,36858.0,511.0",720575940577487961,720575940559470683,SAC,,,,,First pass,,,,yes,AC,
"42946.0,35891.0,471.0",720575940555220113,"42946.0,35891.0,501.0",720575940555436125,720575940561818799,nNOS-2 AC,,,,,First pass,,,,yes,AC,
"41928.0,38259.0,485.0",720575940540201350,"41928.0,38259.0,555.0",720575940572012447,720575940561078922,ON tr. MeRF,6sw,,,,First pass,,,,yes,RGC,
"43409.0,35864.0,476.0",720575940546191816,"43430.0,35926.0,478.0",720575940569713305,720575940560977113,SAC,,,,,First pass,,,,yes,AC,
"42986.0,36495.0,520.0",720575940560745178,"42986.0,36495.0,595.0",720575940579486717,720575940550093351,nNOS-2 AC,,Julia,,,Complete,,https://spelunker.cave-explorer.org/#!middleauth+https://global.daf-apis.com/nglstate/api/v1/6722030998126592,720575940549420770,yes,AC,
"43948.0,35139.0,548.0",720575940546415816,"43948.0,35139.0,598.0",720575940549269084,720575940570535211,WFAC A1-like,,,,,WIP,,,,yes,AC,
"43650.0,35583.0,501.0",720575940549707610,"43650.0,35583.0,571.0",720575940563807841,720575940559694472,dAC SAD?,,,,,WIP,,,,yes,AC,
"42899.0,37188.0,507.0",720575940569767457,"42899.0,37188.0,512.0",720575940578523284,720575940567120459,A17,,Julia,4/14/2025,https://spelunker.cave-explorer.org/#!middleauth+https://global.daf-apis.com/nglstate/api/v1/5943271487438848,First pass,,,,yes,AC,
"41993.0,38939.0,514.0",720575940562905165,"41993.0,38939.0,544.0",720575940566769205,720575940584909590,dAC MF,,,,,First pass,,,,yes,AC,
"43261.0,36782.0,502.0",720575940557560738,"43261.0,36782.0,587.0",720575940579071128,720575940561892271,ON spiny WFAC,,Greg,,,Complete,,https://spelunker.cave-explorer.org/#!middleauth+https://global.daf-apis.com/nglstate/api/v1/5369583528574976,720575940561892271,yes,AC,
"42108.0,39510.0,503.0",720575940570115606,"42108.0,39510.0,558.0",720575940573327519,720575940557367051,1ni?,1ni?,,,,First pass,,,,yes,RGC,
"42987.0,37753.0,513.0",720575940554560563,"42987.0,37753.0,578.0",720575940572990553,720575940571799809,A1,,,,,First pass,,,,yes,AC,
"43870.0,36306.0,528.0",720575940546608072,"43870.0,36306.0,553.0",720575940582596861,720575940551359937,3i or 3o?,3i or 3o?,,,,First pass,,,,yes,RGC,
"43709.0,36779.0,530.0",720575940556474327,"43709.0,36779.0,565.0",720575940555962972,720575940563422309,dAC SAD,,,,,First pass,,,,yes,AC,
"42497.0,39177.0,467.0",720575940555652497,"42497.0,39177.0,497.0",720575940582684669,720575940582684669,SAC,,,,,WIP,,,,yes,AC,
"44183.0,35907.0,566.0",720575940562304852,"44183.0,35907.0,616.0",720575940569544345,720575940573476912,SAC,,,,,WIP,,,,yes,AC,
"42940.0,38659.0,500.0",720575940555111475,"43063.0,38166.0,528.0",720575940555408894,720575940555408894,,,,,,Dead cell or double,,,,yes,,dead cell
"44153.0,36925.0,492.0",720575940554913790,"44153.0,36925.0,577.0",720575940578982745,720575940559697032,dAC mid-IPL varicose,,Julia,4/15/2025,,Complete,4/15/2025,https://spelunker.cave-explorer.org/#!middleauth+https://global.daf-apis.com/nglstate/api/v1/6584015311077376,720575940553414680,yes,AC,
"44487.0,36537.0,566.0",720575940549819482,"44487.0,36537.0,621.0",720575940576762457,720575940576088387,OFF sus alpha,1wt,,,,First pass,,,,yes,RGC,
"42867.0,39674.0,471.0",720575940548994072,"42867.0,39674.0,521.0",720575940569509685,720575940550598464,HD1,5si,,,,First pass,,,,yes,RGC,
"44095.0,37374.0,517.0",720575940552344291,"44095.0,37374.0,552.0",720575940585576189,720575940565189552,dAC WFAC,,Jonathan,,https://spelunker.cave-explorer.org/#!middleauth+https://global.daf-apis.com/nglstate/api/v1/6743957745696768,First pass,,,,yes,AC,
"44027.0,37908.0,479.0",720575940552349667,"44027.0,37908.0,494.0",720575940571740569,720575940567939578,OS RGC? Extremely oriented,2i or 1ni?,,,,First pass,,,,yes,RGC,
"45282.0,35996.0,561.0",720575940567697697,"45282.0,35996.0,661.0",720575940585391613,720575940581077374,OFF tr. alpha,4ow,,,,First pass,,,,yes,RGC,
"43500.0,39178.0,502.0",720575940563322189,"43500.0,39178.0,507.0",720575940577684057,720575940556387277,Fmini ON,63,,,,First pass,,,,yes,RGC,
"44604.0,37329.0,568.0",720575940560823636,"44604.0,37329.0,623.0",720575940576583001,720575940553265446,SAC,,Dominic,,https://spelunker.cave-explorer.org/#!middleauth+https://global.daf-apis.com/nglstate/api/v1/5142947147284480,Complete,,https://spelunker.cave-explorer.org/#!middleauth+https://global.daf-apis.com/nglstate/api/v1/5142947147284480,720575940553265446,yes,AC,not all dendrites could be fixed
"43184.0,40192.0,468.0",720575940551372098,"43184.0,40192.0,483.0",720575940568326709,720575940565357570,HD1,5si,,,,First pass,,,,yes,RGC,
"44033.0,38635.0,531.0",720575940551675202,"44033.0,38635.0,541.0",720575940563119969,720575940551410035,ON DS sus,"7iv,r,d",,,,First pass,,,,yes,RGC,
"43503.0,39811.0,480.0",720575940561701193,"43503.0,39811.0,510.0",720575940570970521,720575940551358913,HD2,5so,,,,First pass,,,,yes,RGC,
"44649.0,37955.0,556.0",720575940561952585,"44649.0,37955.0,621.0",720575940577872473,720575940575024633,OFFvOS (JAMB),2aw,,,,First pass,,,,yes,RGC,
"45464.0,36867.0,552.0",720575940566577694,"45464.0,36867.0,577.0",720575940569572249,720575940564774991,5to,5to,,,,First pass,,,,yes,RGC,
"43458.0,41133.0,425.0",720575940568637961,"43458.0,41133.0,445.0",720575940573232217,720575940567939834,SAC,,,,,First pass,,,,yes,AC,
"43694.0,40614.0,457.0",720575940551771543,"43694.0,40614.0,477.0",720575940566976821,720575940554018066,1ni or 1no?,1ni or 1no,,,,First pass,,,,yes,RGC,
"44075.0,39875.0,545.0",720575940568770345,"44075.0,39875.0,580.0",720575940584217142,720575940569025387,UHD,5ti,,,,First pass,,,,yes,RGC,
"46285.0,36395.0,502.0",720575940568124607,"46077.0,36135.0,492.0",720575940556389725,720575940568288880,,,,,,WIP,,,,yes,RGC,"Dark cell, oversegmented"
"45936.0,36745.0,542.0",720575940556059646,"45936.0,36745.0,597.0",720575940564224309,720575940553399320,Fmini OFF,2an,,,,First pass,,,,yes,RGC,
"44035.0,41084.0,456.0",720575940551784087,"44035.0,41084.0,461.0",720575940572387481,720575940547082681,A1,,,,,First pass,,https://spelunker.cave-explorer.org/#!middleauth+https://global.daf-apis.com/nglstate/api/v1/5702028627017728,720575940547082681,yes,AC,
"45892.0,37725.0,520.0",720575940554714534,"45892.0,37725.0,570.0",720575940585938173,720575940572472893,ON tr. MeRF,6sw,,,,First pass,,,,yes,RGC,
"46161.0,37132.0,538.0",720575940554713254,"46161.0,37132.0,613.0",720575940579892884,720575940545197043,dAC WF mid-IPL,,,,,Complete,,https://spelunker.cave-explorer.org/#!middleauth+https://global.daf-apis.com/nglstate/api/v1/5053577333571584,720575940545197043,yes,AC,
"46372.0,16403.0,1111.0",720575940557918517,"46372.0,16403.0,1171.0",720575940578275126,720575940568058106,SAC,,,,,WIP,,,,yes,AC,
"46881.0,15305.0,1061.0",720575940553993901,"46881.0,15305.0,1121.0",720575940577105462,720575940577105462,ON tr. SmRF,6sn,,,,First pass,,,,yes,RGC,
"46893.0,16081.0,1080.0",720575940556558833,"46893.0,16081.0,1085.0",720575940559240501,720575940559240501,ON DS sus,"7iv,r,d",,,,First pass,,,,yes,RGC,
"47660.0,14573.0,1116.0",720575940554089645,"47676.0,14733.0,1177.0",720575940566301310,720575940551485811,SAC,,,,,WIP,,,,yes,AC,
"48155.0,14042.0,1187.0",720575940554091181,"48155.0,14042.0,1267.0",720575940572109681,720575940572109681,SAC,,,,,WIP,,,,yes,AC,
"48405.0,13626.0,1223.0",720575940569291582,"48405.0,13626.0,1233.0",720575940571941745,720575940571941745,,,,,,Neurites cut off,,,,yes,RGC,
"48363.0,13146.0,1183.0",720575940559726921,"48539.0,13113.0,1178.0",720575940559152181,720575940559152181,,,,,,Neurites cut off,,,,yes,RGC,
"47379.0,15230.0,1072.0",720575940556811997,"47379.0,15230.0,1097.0",720575940566027161,720575940566027161,,,,,,Neurites cut off,,,,yes,RGC,
"47658.0,14983.0,1075.0",720575940553775789,"47658.0,14983.0,1090.0",720575940581382966,720575940581382966,,,,,,Neurites cut off,,,,yes,RGC,
"48200.0,14577.0,1101.0",720575940564565598,"48200.0,14577.0,1116.0",720575940565816893,720575940563653879,OODS,"37r,v,c",,,,First pass,,,,yes,RGC,
"46531.0,17546.0,1014.0",720575940572259271,"46531.0,17546.0,1029.0",720575940566618941,720575940566618941,,,,,,Neurites cut off,,,,yes,RGC,
"47623.0,15729.0,1074.0",720575940556810717,"47623.0,15729.0,1119.0",720575940577493245,720575940577493245,Fmini ON probably,63,,,,Neurites cut off,,,,yes,RGC,
"46921.0,17020.0,1034.0",720575940572054983,"46921.0,17020.0,1099.0",720575940558385205,720575940558385205,dAC SAD,,,,,WIP,,,,yes,AC,
"49020.0,13774.0,1264.0",720575940558022965,"49020.0,13774.0,1299.0",720575940566122045,720575940566122045,,,,,,Neurites cut off,,,,yes,RGC,
"49529.0,13172.0,1240.0",720575940552103436,"49529.0,13172.0,1290.0",720575940558541621,720575940549969238,HD1,5si,,,,First pass,,,,yes,RGC,
"48803.0,14433.0,1207.0",720575940554094253,"48803.0,14433.0,1247.0",720575940557403997,720575940563055400,WFAC,,Greg,,,Complete,,https://spelunker.cave-explorer.org/#!middleauth+https://global.daf-apis.com/nglstate/api/v1/6755339140595712,720575940563055400,yes,AC,
"48321.0,15238.0,1088.0",720575940556813277,"48321.0,15238.0,1113.0",720575940571094385,720575940571094385,,,,,,Neurites cut off,,,,yes,RGC,
"48203.0,15872.0,1063.0",720575940564635998,"48316.0,15911.0,1061.0",720575940576346166,720575940551463679,gbx2 s5 (CRH2),,,,,First pass,,,,yes,AC,
"48028.0,16300.0,1039.0",720575940566853181,"48028.0,16300.0,1089.0",720575940576324406,720575940576324406,maybe OODS,,,,,Neurites cut off,,,,yes,RGC,
"48854.0,15267.0,1168.0",720575940564780605,"48854.0,15267.0,1183.0",720575940560625213,720575940545190387,PixON,PixON,Greg,,,Complete,,https://spelunker.cave-explorer.org/#!middleauth+https://global.daf-apis.com/nglstate/api/v1/5202371643703296,720575940545190387,yes,RGC,
"47054.0,18313.0,984.0",720575940548039242,"47054.0,18313.0,1009.0",720575940565930045,720575940565930045,OFF tr SmRF? HD1?,,Nadine,,,WIP,,,,yes,RGC,
"47395.0,17422.0,1025.0",720575940572267719,"47395.0,17422.0,1030.0",720575940576652854,720575940576652854,,,,,,Neurites cut off,,,,yes,RGC,
"48457.0,15728.0,1071.0",720575940564489822,"48457.0,15728.0,1141.0",720575940562144153,720575940562144153,SAC,,,,,WIP,,,,yes,AC,
"49721.0,14105.0,1200.0",720575940567724063,"49721.0,14105.0,1245.0",720575940577495549,720575940575783598,A1,,,,,Neurites cut off,,,,yes,AC,
"47830.0,17016.0,1060.0",720575940548770122,"47830.0,17016.0,1150.0",720575940567809945,720575940575783342,,,,,,Neurites cut off,,,,yes,AC,
"47422.0,17957.0,976.0",720575940572434631,"47422.0,17957.0,986.0",720575940563292725,720575940563292725,ON delayed,73,,,,Neurites cut off,,,,yes,RGC,
"49563.0,14505.0,1181.0",720575940567723807,"49563.0,14505.0,1266.0",720575940579006461,720575940558030727,,,,,,Neurites cut off,,,,yes,AC,
"48695.0,16254.0,1114.0",720575940564660797,"48695.0,16254.0,1159.0",720575940574328665,720575940561076618,,,,,,First pass,,,,yes,AC,
"48542.0,16671.0,1122.0",720575940531612083,"48542.0,16671.0,1187.0",720575940560497981,720575940567199926,SAC,,,,,First pass,,,,yes,AC,
"50398.0,13931.0,1258.0",720575940554861467,"50398.0,13931.0,1318.0",720575940565958717,720575940568254286,SAC,,,,,WIP,,,,yes,AC,
"48381.0,17093.0,1118.0",720575940548990794,"48381.0,17093.0,1153.0",720575940560654397,720575940560510414,UHD,5ti,,,,First pass,,,,yes,RGC,
"49041.0,15905.0,1117.0",720575940564660541,"49041.0,15905.0,1147.0",720575940577674550,720575940577674550,,,,,,Neurites cut off,,,,yes,RGC,
"48177.0,17714.0,1036.0",720575940572438215,"48177.0,17714.0,1056.0",720575940577658166,720575940577658166,ON alpha,8w,,,,First pass,,,,yes,RGC,
"47949.0,18121.0,977.0",720575940548731722,"47949.0,18121.0,1012.0",720575940571074673,720575940571074673,JamB,2aw,,,,Neurites cut off,,,,yes,RGC,
"50304.0,14568.0,1209.0",720575940555686293,"50304.0,14568.0,1294.0",720575940578332470,720575940578332470,,,,,,Neurites cut off,,,,yes,RGC,
"49851.0,15287.0,1137.0",720575940561358367,"49851.0,15287.0,1192.0",720575940566401853,720575940566401853,M1,1ws,,,,Neurites cut off,,,,yes,RGC,
"48059.0,18784.0,974.0",720575940549086282,"48059.0,18784.0,1009.0",720575940565245025,720575940559468379,,,,,,Neurites cut off,,,,yes,RGC,
"49445.0,16452.0,1150.0",720575940574681654,"49445.0,16452.0,1210.0",720575940557420892,720575940561654957,,,,,,First pass,,,,yes,AC,
"51073.0,14350.0,1201.0",720575940555689621,"51073.0,14350.0,1216.0",720575940572161137,720575940557067618,Fmini OFF,2an,,,,Neurites cut off,,,,yes,RGC,
"49002.0,17725.0,1050.0",720575940566686078,"49002.0,17725.0,1080.0",720575940577723958,720575940562761935,ON transient MeRF,6sw,,,,First pass,,,,yes,RGC,
"48401.0,18527.0,994.0",720575940572673479,"48401.0,18527.0,1059.0",720575940563171993,720575940549156923,,,,,,First pass,,,,yes,AC,
"48672.0,18230.0,1038.0",720575940558011057,"48672.0,18230.0,1108.0",720575940558949941,720575940569716801,,,,,,WIP,,,,yes,AC,
"49648.0,16993.0,1111.0",720575940529212248,"49648.0,16993.0,1126.0",720575940566323261,720575940557067106,UHD,5ti,,,,First pass,,,,yes,RGC,
"50014.0,16189.0,1143.0",720575940562875189,"50014.0,16189.0,1228.0",720575940565963069,720575940555528002,HD1,5so,,,,First pass,,,,yes,RGC,
"50306.0,15738.0,1153.0",720575940561495071,"50306.0,15738.0,1158.0",720575940557259101,720575940573471792,,,,,,WIP,,,,yes,AC,
"48233.0,19424.0,960.0",720575940558035121,"48233.0,19424.0,1020.0",720575940576655158,720575940556980750,OODS,"37r,v,c",,,,Neurites cut off,,,,yes,RGC,
"50719.0,15363.0,1158.0",720575940551443458,"50719.0,15363.0,1203.0",720575940559110709,720575940570495777,SAC,,,,,Neurites cut off,,,,yes,AC,
"48590.0,19028.0,961.0",720575940562362812,"48590.0,19028.0,991.0",720575940558510645,720575940564304605,SAC,,,,,First pass,,,,yes,AC,
"51144.0,14941.0,1166.0",720575940569143153,"51144.0,14941.0,1241.0",720575940561068960,720575940561068960,,,,,,Neurites cut off,,,,yes,RGC,
"49541.0,17740.0,1074.0",720575940569153461,"49541.0,17740.0,1114.0",720575940552360540,720575940560509646,,,,,,First pass,,,,yes,AC,
"48843.0,18779.0,986.0",720575940568328953,"48843.0,18779.0,1006.0",720575940569906009,720575940556649823,,,,,https://spelunker.cave-explorer.org/#!middleauth+https://global.daf-apis.com/nglstate/api/v1/6221302974119936,First pass,,,,yes,AC,
"49035.0,18574.0,995.0",720575940566695806,"49035.0,18574.0,1090.0",720575940577788312,720575940569580313,dAC A1-like,,,,,WIP,,,,yes,AC,
"49267.0,18280.0,1068.0",720575940566697086,"49267.0,18280.0,1128.0",720575940572184177,720575940572184177,,,,,,First pass,,,,yes,AC,
"50308.0,16716.0,1108.0",720575940563769141,"50308.0,16716.0,1153.0",720575940576415542,720575940576415542,,,,,,Neurites cut off,,,,yes,RGC,
"50560.0,16227.0,1125.0",720575940581964854,"50560.0,16227.0,1150.0",720575940565563453,720575940557219452,,,,,,Neurites cut off,,,,yes,RGC,
"50126.0,17313.0,1093.0",720575940574770685,"50126.0,17313.0,1113.0",720575940566008381,720575940555922794,HD2,5si,,,,First pass,,,,yes,RGC,
"50919.0,15976.0,1127.0",720575940549707064,"50919.0,15976.0,1197.0",720575940577357110,720575940577636393,Fmini OFF,2an,,,,First pass,,,,yes,RGC,
"48756.0,19510.0,957.0",720575940568333817,"48756.0,19510.0,1052.0",720575940556325469,720575940569664521,dAC WFAC,,,,,First pass,,,,yes,AC,
"51244.0,15381.0,1151.0",720575940569145457,"51244.0,15381.0,1226.0",720575940565260385,720575940563290864,MFAC,,,,,First pass,,,,yes,AC,
"49499.0,18768.0,1046.0",720575940574002429,"49499.0,18768.0,1121.0",720575940566370877,720575940566370877,,,,,,Neurites cut off,,,,yes,RGC,
"49945.0,18334.0,1068.0",720575940560741700,"49945.0,18334.0,1083.0",720575940565251681,720575940567253745,OFFvOS JAMB,2aw,,,,Neurites cut off,,,,yes,RGC,
"49109.0,19445.0,993.0",720575940566717822,"49109.0,19445.0,1048.0",720575940555425885,720575940562444883,A1,,Dominic,23.04.2025,https://spelunker.cave-explorer.org/#!middleauth+https://global.daf-apis.com/nglstate/api/v1/5058371389489152,WIP,,,,yes,AC,
"50306.0,17988.0,1118.0",720575940563695284,"50306.0,17988.0,1183.0",720575940559145781,720575940559145781,SAC,,,,,WIP,,,,yes,AC,
"51164.0,16794.0,1054.0",720575940574408957,"51164.0,16794.0,1129.0",720575940565495613,720575940553485705,SAC,,,,,First pass,,,,yes,AC,
"51902.0,15707.0,1181.0",720575940540844928,"51902.0,15707.0,1226.0",720575940563629621,720575940561818031,ON tr. SmRF or 6t,6sn and 6t,,,,First pass,,,,yes,RGC,
"49358.0,19632.0,923.0",720575940581422902,"49528.0,19425.0,901.0",720575940578270006,720575940581250568,HD2,5so,,,,First pass,,,,yes,RGC,
"50978.0,17293.0,1021.0",720575940574194941,"50640.0,17495.0,1021.0",720575940566253373,720575940551590130,HD1,5si,,,,First pass,,,,yes,RGC,
"51730.0,16134.0,1145.0",720575940574048369,"51704.0,16341.0,1172.0",720575940565524541,720575940572078695,MFAC,,,,,First pass,,,,yes,AC,
"50636.0,18540.0,1039.0",720575940560558660,"50636.0,18540.0,1119.0",720575940566392446,720575940566392446,,,,,,Neurites cut off,,,,yes,RGC,
"51027.0,18199.0,1043.0",720575940560883524,"51092.0,17950.0,1008.0",720575940565539389,720575940566436614,,,,,,Neurites cut off,,,,yes,RGC,"Merger, therefore same OLD IDs (01)"
"49552.0,20182.0,1004.0",720575940574477565,"49470.0,20091.0,1021.0",720575940572492440,720575940579734617,MFAC,,,,,First pass,,,,yes,AC,
"52408.0,16643.0,1120.0",720575940562905653,"52204.0,16756.0,1153.0",720575940564734269,720575940563290352,ON alpha?,8w,,,,First pass,,,,yes,RGC,
"50714.0,19500.0,1004.0",720575940561168196,"50764.0,19493.0,1055.0",720575940565257057,720575940570741708,SAC,,Dominic,15.04.2025,https://spelunker.cave-explorer.org/#!middleauth+https://global.daf-apis.com/nglstate/api/v1/6518877837066240,Complete,16.04.2025,https://spelunker.cave-explorer.org/#!middleauth+https://global.daf-apis.com/nglstate/api/v1/6218479100231680,720575940572501565,yes,AC,
"51103.0,19039.0,1006.0",720575940561165380,"51103.0,19039.0,1066.0",720575940565953597,720575940565953597,UHD,5ti,,,,First pass,,,,yes,RGC,
"52244.0,17402.0,1079.0",720575940574234109,"52244.0,17402.0,1104.0",720575940572294745,720575940555395560,WFAC,,,,https://spelunker.cave-explorer.org/#!middleauth+https://global.daf-apis.com/nglstate/api/v1/5658824594685952,First pass,,,,yes,AC,Same cell? (03)
"52060.0,18272.0,1086.0",720575940560809284,"52060.0,18272.0,1136.0",720575940564857149,720575940573476400,RGC,,,,,Neurites cut off,,,,yes,RGC,
"52244.0,17402.0,1079.0",720575940574234109,"52244.0,17402.0,1104.0",720575940572294745,720575940555395560,,,,,,Dead cell or double,,,,yes,,Same cell? (03)
"50905.0,20131.0,990.0",720575940561170244,"50833.0,20177.0,1011.0",720575940559133557,720575940555564442,,,Dominic,,https://spelunker.cave-explorer.org/#!middleauth+https://global.daf-apis.com/nglstate/api/v1/4610997814820864,Need Help,,https://spelunker.cave-explorer.org/#!middleauth+https://global.daf-apis.com/nglstate/api/v1/4610997814820864,720575940585017878,yes,AC,
"51663.0,18855.0,1068.0",720575940569448885,"51650.0,18886.0,1098.0",720575940566065534,720575940570741452,MFAC,,,,,First pass,,,,yes,AC,
"51146.0,19735.0,1003.0",720575940561162052,"51229.0,19465.0,983.0",720575940578086036,720575940585017878,WFAC,,Dominic,,https://spelunker.cave-explorer.org/#!middleauth+https://global.daf-apis.com/nglstate/api/v1/5921724710256640,Complete but neurites cut off,,https://spelunker.cave-explorer.org/#!middleauth+https://global.daf-apis.com/nglstate/api/v1/5921724710256640,720575940585017878,yes,AC,
"51502.0,19497.0,965.0",720575940569319349,"51431.0,19511.0,994.0",720575940559009845,720575940564308445,PixON,9n,,,,First pass,,,,yes,RGC,